label_name,bbox_x,bbox_y,bbox_width,bbox_height,image_name
body,"0,4981761334","0,5013901761","0,01146430433","0,05189990732",Capture d'écran 2026-03-18 225143.png
head,"0,5007816571","0,4930491196","0,004689942678","0,01112140871",Capture d'écran 2026-03-18 225143.png
spike,"0,3699843669","0,5848007414","0,0198019802","0,05746061168",Capture d'écran 2026-03-18 225143.png
smoke,"0,3741532048","0,3253012048","0,1740489838","0,2168674699",Capture d'écran 2026-03-18 225401.png
smoke,"0,3084940073","0,08989805375","0,2339760292","0,4355885079",Capture d'écran 2026-03-18 225524.png
body,"0,4997394476","0,4800741427","0,006774361647","0,03151065802",Capture d'écran 2026-03-18 225605.png
head,"0,5013027619","0,4735866543","0,004689942678","0,007414272475",Capture d'écran 2026-03-18 225605.png
body,"0,4820218864","0,5060240964","0,01459093278","0,1139944393",Capture d'écran 2026-03-18 225745.png
head,"0,4820218864","0,4856348471","0,006253256905","0,02409638554",Capture d'écran 2026-03-18 225745.png
smoke,"0,7790515894","0,2845227062","0,2209484106","0,4198331789",Capture d'écran 2026-03-18 225745.png
body,"0,5513288171","0,4606116775","0,02761855133","0,09823911029",Capture d'écran 2026-03-18 230001.png
body,"0,5211047421","0,4291010195","0,03856175091","0,09082483781",Capture d'écran 2026-03-18 230001.png
head,"0,5403856175","0,4142724745","0,008337675873","0,01760889713",Capture d'écran 2026-03-18 230001.png
head,"0,5591453882","0,4476367006","0,01042209484","0,0203892493",Capture d'écran 2026-03-18 230001.png
smoke,"0,6013548723","0,03707136237","0,3543512246","0,8646895273",Capture d'écran 2026-03-18 230142.png
body,"0,4856696196","0,4911955514","0,01667535175","0,04355885079",Capture d'écran 2026-03-18 230249.png
head,"0,4914017718","0,483781279","0,005211047421","0,009267840593",Capture d'écran 2026-03-18 230249.png
smoke,"0,5028660761","0,4337349398","0,02866076081","0,09823911029",Capture d'écran 2026-03-18 230249.png
smoke,"0,3439291298","0,3197405005","0,1865554977","0,2835959222",Capture d'écran 2026-03-18 230313.png
spike,"0,7889525795","0,5699721965","0,03387180823","0,1065801668",Capture d'écran 2026-03-18 230313.png
body,"0,5403856175","0,4189063948","0,05523710266","0,139944393",Capture d'écran 2026-03-18 230803.png
head,"0,5560187598","0,3772011121","0,02449192288","0,04819277108",Capture d'écran 2026-03-18 230803.png
body,"0,4841063054","0,4911955514","0,02501302762","0,03243744208",Capture d'écran 2026-03-18 230852.png
head,"0,4919228765","0,4745134384","0,01250651381","0,0250231696",Capture d'écran 2026-03-18 230852.png
body,"0,4846274101","0,3938832252","0,1099531006","0,1797961075",Capture d'écran 2026-03-19 090713.png
head,"0,5528921313","0,4003707136","0,02344971339","0,04726598703",Capture d'écran 2026-03-19 090713.png
body,"0,1568525274","0,07414272475","0,09640437728","0,2011121409",Capture d'écran 2026-03-19 090713.png
head,"0,149557061","0,0500463392","0,03178738927","0,05653382762",Capture d'écran 2026-03-19 090713.png
smoke,0,0,"0,232412715","0,1844300278",Capture d'écran 2026-03-19 090713.png
spike,"0,1875977071","0,2734012975","0,0656591975","0,1037998146",Capture d'écran 2026-03-19 090713.png
body,"0,4934861907","0,5013901761","0,016154247","0,02780352178",Capture d'écran 2026-03-19 090842.png
head,"0,4976550287","0,4939759036","0,005211047421","0,009267840593",Capture d'écran 2026-03-19 090842.png
spike,"0,6862949453","0,5532900834","0,02188639917","0,03521779425",Capture d'écran 2026-03-19 091058.png
body,"0,4815007817","0,4911955514","0,02344971339","0,08619091752",Capture d'écran 2026-03-19 091058.png
head,"0,4872329338","0,4735866543","0,009379885357","0,02224281742",Capture d'écran 2026-03-19 091058.png
head,"0,5372589891","0,5032437442","0,005732152163","0,01204819277",Capture d'écran 2026-03-19 091058.png
body,"0,5330901511","0,5115848007","0,01198540907","0,04448563485",Capture d'écran 2026-03-19 091058.png
smoke,"0,8124022929",0,"0,1875977071","0,3243744208",Capture d'écran 2026-03-19 091058.png
body,"0,4715997916","0,4735866543","0,05680041688","0,1223354958",Capture d'écran 2026-03-19 091134.png
head,"0,4924439812","0,4578313253","0,01354872329","0,02780352178",Capture d'écran 2026-03-19 091134.png
smoke,"0,4669098489",0,"0,5330901511",1,Capture d'écran 2026-03-19 091209.png
body,"0,4825429911","0,4810009268","0,01928087546","0,08341056534",Capture d'écran 2026-03-19 091209.png
head,"0,4914017718","0,468952734","0,006253256905","0,01482854495",Capture d'écran 2026-03-19 091209.png
smoke,"0,4710786868",0,"0,1099531006","0,5273401297",Capture d'écran 2026-03-19 091220.png
body,"0,4669098489","0,5032437442","0,01354872329","0,05189990732",Capture d'écran 2026-03-19 091220.png
head,"0,4700364773","0,4911955514","0,005211047421","0,01482854495",Capture d'écran 2026-03-19 091220.png
smoke,"0,3017196456","0,2066728452","0,2918186555","0,4142724745",Capture d'écran 2026-03-19 091259.png
body,"0,4934861907","0,4884151993","0,008858780615","0,07877664504",Capture d'écran 2026-03-19 091532.png
body,"0,4945284002","0,4439295644","0,01042209484","0,08063021316",Capture d'écran 2026-03-19 091532.png
head,"0,4986972381","0,4300278035","0,006253256905","0,01668211307",Capture d'écran 2026-03-19 091532.png
smoke,"0,3387180823","0,421686747","0,2777488275","0,3707136237",Capture d'écran 2026-03-19 091614.png
smoke,"0,3303804065","0,08989805375","0,4137571652","0,7423540315",Capture d'écran 2026-03-19 091742.png
smoke,"0,1156852527","0,4040778499","0,1537258989","0,1056533828",Capture d'écran 2026-03-19 091938.png
smoke,"0,4288692027","0,3864689527","0,1740489838","0,1788693234",Capture d'écran 2026-03-19 091938.png
smoke,"0,4465867639","0,3716404078","0,1177696717","0,188137164",Capture d'écran 2026-03-19 092037.png
smoke,"0,4106305367","0,4105653383","0,09848879625","0,2511584801",Capture d'écran 2026-03-19 092104.png
body,"0,4429390307","0,5208526413","0,01354872329","0,05838739574",Capture d'écran 2026-03-19 092143.png
head,"0,4465867639","0,5125115848","0,005211047421","0,01112140871",Capture d'écran 2026-03-19 092143.png
body,"0,4981761334","0,5143651529","0,004689942678","0,007414272475",Capture d'écran 2026-03-19 092143.png
head,"0,4981761334","0,5088044486","0,004168837936","0,006487488415",Capture d'écran 2026-03-19 092143.png
smoke,"0,4559666493","0,3855421687","0,1141219385","0,1779425394",Capture d'écran 2026-03-19 092444.png
smoke,"0,3871808233","0,391102873","0,1318394997","0,2177942539",Capture d'écran 2026-03-19 092508.png
spike,"0,4778530485","0,5189990732","0,008858780615","0,03892493049",Capture d'écran 2026-03-19 092531.png
smoke,"0,246482543","0,2724745134","0,1469515373","0,3531047266",Capture d'écran 2026-03-19 092531.png
smoke,0,"0,0843373494","0,2287649818","0,8971269694",Capture d'écran 2026-03-19 092638.png
smoke,"0,4924439812","0,3734939759","0,05211047421","0,1575532901",Capture d'écran 2026-03-19 092638.png
spike,"0,5044293903","0,4457831325","0,009900990099","0,03614457831",Capture d'écran 2026-03-19 092722.png
smoke,"0,4465867639","0,06302131603","0,1276706618","0,7201112141",Capture d'écran 2026-03-19 092747.png
body,"0,5104493208","0,499070632","0,01306165099","0,05390334572",Capture d'écran 2026-03-19 092851.png
head,"0,5141065831","0,4907063197","0,005224660397","0,01022304833",Capture d'écran 2026-03-19 092851.png
smoke,"0,789446186","0,3206319703","0,210553814","0,5185873606",Capture d'écran 2026-03-19 092851.png
spike,"0,6894215737","0,5569972196","0,02866076081","0,08897126969",Capture d'écran 2026-03-19 093856.png
body,"0,496350365","0,4569045412","0,03649635036","0,1455050973",Capture d'écran 2026-03-19 094005.png
head,"0,5067778936","0,4337349398","0,01564129301","0,03707136237",Capture d'écran 2026-03-19 094005.png
spike,"0,4499478624","0,515291937","0,03493222106","0,1075069509",Capture d'écran 2026-03-19 094005.png
smoke,"0,3850964044","0,3521779425","0,2126107348","0,2696941613",Capture d'écran 2026-03-19 094148.png
smoke,"0,3183949974","0,1818181818","0,3027618551","0,5445269017",Capture d'écran 2026-03-19 094206.png
body,"0,4960917144","0,3271375465","0,01406982804","0,0594795539",Capture d'écran 2026-03-19 094431.png
head,"0,5007816571","0,3206319703","0,004689942678","0,01115241636",Capture d'écran 2026-03-19 094431.png
smoke,0,"0,08989805375","0,5825951016","0,9101019462",Capture d'écran 2026-03-19 094816.png
smoke,"0,460656592","0,3398328691","0,08598228244","0,2274837512",Capture d'écran 2026-03-19 094908.png
spike,"0,4090672225","0,573816156","0,0198019802","0,0817084494",Capture d'écran 2026-03-19 094908.png
smoke,"0,5106826472","0,4300278035","0,02553413236","0,09823911029",Capture d'écran 2026-03-19 095046.png
body,"0,4893173528","0,4958294717","0,02292860865","0,06765523633",Capture d'écran 2026-03-19 095116.png
head,"0,4971339239","0,4819277108","0,009379885357","0,01853568119",Capture d'écran 2026-03-19 095116.png
spike,"0,490880667","0,5282669138","0,01563314226","0,03151065802",Capture d'écran 2026-03-19 095116.png
smoke,"0,3225638353","0,4235403151","0,08702449192","0,08341056534",Capture d'écran 2026-03-19 095141.png
body,"0,5211047421","0,516218721","0,02032308494","0,06950880445",Capture d'écran 2026-03-19 095157.png
head,"0,5278791037","0,5050973123","0,007295466389","0,01482854495",Capture d'écran 2026-03-19 095157.png
smoke,"0,5461177697","0,405931418","0,1276706618","0,249304912",Capture d'écran 2026-03-19 095157.png
smoke,0,"0,03985171455","0,2563835331","0,9601482854",Capture d'écran 2026-03-19 095309.png
body,"0,5080771235","0,4754402224","0,1354872329","0,3253012048",Capture d'écran 2026-03-19 095551.png
head,"0,5669619594","0,4328081557","0,03647733194","0,06858202039",Capture d'écran 2026-03-19 095551.png
smoke,"0,4507556019","0,4291010195","0,09327774883","0,1510658017",Capture d'écran 2026-03-19 095618.png
smoke,"0,4705575821","0,4031510658","0,06930693069","0,03707136237",Capture d'écran 2026-03-19 095618.png
body,"0,3866597186","0,3938832252","0,01094319958","0,03521779425",Capture d'écran 2026-03-17 195508.png
head,"0,3903074518","0,3873957368","0,004689942678","0,006487488415",Capture d'écran 2026-03-17 195508.png
body,"0,4856696196","0,5097312326","0,05002605524","0,1455050973",Capture d'écran 2026-03-17 195508.png
body,"0,4867118291","0,4596848934","0,03387180823","0,1482854495",Capture d'écran 2026-03-17 195754.png
head,"0,4986972381","0,4355885079","0,01511203752","0,02409638554",Capture d'écran 2026-03-17 195754.png
smoke,"0,2668056279","0,3410565338","0,3329859302","0,3679332715",Capture d'écran 2026-03-17 195904.png
smoke,"0,3355914539","0,4467099166","0,03335070349","0,07877664504",Capture d'écran 2026-03-17 195914.png
spike,"0,6664929651","0,5671918443","0,02188639917","0,0750695088",Capture d'écran 2026-03-17 200050.png
body,"0,3955184992","0,5486561631","0,08702449192","0,2326227989",Capture d'écran 2026-03-17 200124.png
body,"0,472642001","0,4986098239","0,01042209484","0,04077849861",Capture d'écran 2026-03-17 200414.png
head,"0,47472642","0,4911955514","0,004168837936","0,007414272475",Capture d'écran 2026-03-17 200414.png
body,"0,4903595623","0,499536608","0,01459093278","0,03892493049",Capture d'écran 2026-03-17 200414.png
head,"0,4955706097","0,4911955514","0,005732152163","0,008341056534",Capture d'écran 2026-03-17 200414.png
spike,"0,5763418447","0,2455977757","0,1948931735","0,5282669138",Capture d'écran 2026-03-17 200705.png
spike,"0,4877412624","0,5097312326","0,02034428795","0,0546802595",Capture d'écran 2026-03-17 200755.png
head,"0,4913928013","0,4976830399","0,008346374544","0,01112140871",Capture d'écran 2026-03-17 200755.png
smoke,"0,3755868545","0,4170528267","0,1392801252","0,1547729379",Capture d'écran 2026-03-17 200755.png
smoke,"0,4132360604","0,1372912801","0,1036998437","0,4063079777",Capture d'écran 2026-03-17 200850.png
body,"0,4471078687","0,4161260426","0,02240750391","0,09175162187",Capture d'écran 2026-03-17 200938.png
head,"0,4533611256","0,3957367933","0,01094319958","0,02409638554",Capture d'écran 2026-03-17 200938.png
body,"0,5997915581","0,4337349398","0,02501302762","0,08155699722",Capture d'écran 2026-03-17 200938.png
head,"0,608129234","0,421686747","0,01042209484","0,01760889713",Capture d'écran 2026-03-17 200938.png
smoke,"0,5101615425","0,2873030584","0,1354872329","0,2224281742",Capture d'écran 2026-03-17 200938.png
smoke,"0,4043772798","0,2928637627","0,1281917665","0,2140871177",Capture d'écran 2026-03-17 201144.png
smoke,"0,4893173528","0,1955514365","0,1307972903","0,1751621872",Capture d'écran 2026-03-17 201144.png
smoke,"0,5237102658","0,3521779425","0,09067222512","0,1278962002",Capture d'écran 2026-03-17 201144.png
smoke,"0,4689942678","0,390176089","0,198019802","0,2669138091",Capture d'écran 2026-03-17 201232.png
smoke,0,"0,3512511585","0,292860865","0,391102873",Capture d'écran 2026-03-17 201232.png
smoke,"0,396039604","0,2400370714","0,1865554977","0,2919369787",Capture d'écran 2026-03-17 201519.png
smoke,"0,6753517457",0,"0,3246482543","0,5347544022",Capture d'écran 2026-03-17 202432.png
body,"0,4945284002","0,4949026877","0,03178738927","0,1334569045",Capture d'écran 2026-03-17 202510.png
head,"0,504950495","0,4791473587","0,009900990099","0,01853568119",Capture d'écran 2026-03-17 202510.png
body,"0,4934861907","0,4911955514","0,02032308494","0,05560704356",Capture d'écran 2026-03-17 202530.png
head,"0,5007816571","0,4828544949","0,006253256905","0,01019462465",Capture d'écran 2026-03-17 202530.png
body,"0,428348098","0,4939759036","0,005732152163","0,0250231696",Capture d'écran 2026-03-17 202530.png
spike,"0,5377800938","0,5792400371","0,02292860865","0,03336422614",Capture d'écran 2026-03-17 202618.png
body,"0,4856696196","0,4921223355","0,01459093278","0,06580166821",Capture d'écran 2026-03-17 202618.png
head,"0,4919228765","0,4800741427","0,008858780615","0,01668211307",Capture d'écran 2026-03-17 202618.png
smoke,"0,9588327254","0,453197405","0,03543512246","0,1288229842",Capture d'écran 2026-03-17 202618.png
smoke,"0,4825429911","0,340445269","0,07868681605","0,206864564",Capture d'écran 2026-03-17 202958.png
body,"0,5028660761","0,4800741427","0,01771756123","0,07136237257",Capture d'écran 2026-03-17 204647.png
head,"0,5080771235","0,468952734","0,007295466389","0,01390176089",Capture d'écran 2026-03-17 204647.png
spike,"0,2344971339","0,6487488415","0,0818134445","0,2530120482",Capture d'écran 2026-03-17 204817.png
smoke,"0,410109432","0,3883225209","0,1537258989","0,1584800741",Capture d'écran 2026-03-17 204817.png
smoke,"0,5653986451","0,3892493049","0,1625846795","0,2910101946",Capture d'écran 2026-03-17 204844.png
smoke,0,"0,1482854495","0,2954663887","0,6478220575",Capture d'écran 2026-03-17 204844.png
body,"0,4898384575","0,4893419833","0,01146430433","0,03521779425",Capture d'écran 2026-03-17 204923.png
head,"0,4934861907","0,4828544949","0,004689942678","0,009267840593",Capture d'écran 2026-03-17 204923.png
smoke,"0,5372589891",0,"0,3246482543","0,6107506951",Capture d'écran 2026-03-17 204923.png
smoke,"0,4215737363","0,4077849861","0,1464304325","0,171455051",Capture d'écran 2026-03-18 180315.png
smoke,"0,9129755081","0,3920296571","0,08702449192","0,2891566265",Capture d'écran 2026-03-18 180315.png
smoke,"0,4202294056","0,3521779425","0,1120959333","0,2057460612",Capture d'écran 2026-03-18 180342.png
body,"0,5479666319","0,4772937905","0,03023983316","0,07228915663",Capture d'écran 2026-03-18 180342.png
head,"0,5573514077","0,4661723818","0,009384775808","0,01482854495",Capture d'écran 2026-03-18 180342.png
spike,"0,4700364773","0,6543095459","0,05992704534","0,2066728452",Capture d'écran 2026-03-18 180436.png
body,"0,4867118291","0,5060240964","0,016154247","0,04355885079",Capture d'écran 2026-03-18 180640.png
head,"0,4914017718","0,4976830399","0,006253256905","0,009267840593",Capture d'écran 2026-03-18 180640.png
spike,"0,4205315268","0,5384615385","0,03230849401","0,1000926784",Capture d'écran 2026-03-18 180745.png
body,"0,5007816571","0,53197405","0,01771756123","0,04170528267",Capture d'écran 2026-03-18 181208.png
head,"0,5059927045","0,5199258573","0,007295466389","0,01482854495",Capture d'écran 2026-03-18 181208.png
smoke,0,0,"0,4064616988","0,9981464319",Capture d'écran 2026-03-18 181304.png
smoke,"0,3830119854","0,4244670992","0,1552892131","0,250231696",Capture d'écran 2026-03-18 181304.png
head,"0,7321521626","0,2455977757","0,04846274101","0,1112140871",Capture d'écran 2026-03-18 181414.png
body,"0,6930693069","0,3364226135","0,1224596144","0,3188137164",Capture d'écran 2026-03-18 181414.png
spike,"0,4653465347","0,5097312326","0,06826472121","0,2075996293",Capture d'écran 2026-03-18 181414.png
smoke,"0,4267847837","0,3975903614","0,09692548202","0,2103799815",Capture d'écran 2026-03-18 181504.png
smoke,"0,5023449713","0,3818350324","0,06826472121","0,234476367",Capture d'écran 2026-03-18 181504.png
smoke,"0,2845231892","0,3410565338","0,1396560709","0,2363299351",Capture d'écran 2026-03-18 215900.png
head,"0,4992183429","0,5069508804","0,005211047421","0,01019462465",Capture d'écran 2026-03-18 220054.png
body,"0,4971339239","0,515291937","0,009379885357","0,01853568119",Capture d'écran 2026-03-18 220054.png
head,"0,458572173","0,5199258573","0,00260552371","0,007414272475",Capture d'écran 2026-03-18 220054.png
body,"0,4580510683","0,5264133457","0,004689942678","0,007414272475",Capture d'écran 2026-03-18 220054.png
spike,"0,6904637832","0,5597775718","0,03022407504","0,06302131603",Capture d'écran 2026-03-18 220338.png
body,"0,557582074","0,1278962002","0,02084418968","0,04077849861",Capture d'écran 2026-03-18 220526.png
head,"0,5622720167","0,1130676552","0,009900990099","0,02224281742",Capture d'écran 2026-03-18 220526.png
body,"0,492965086","0,484708063","0,01459093278","0,05653382762",Capture d'écran 2026-03-18 220700.png
head,"0,4976550287","0,4772937905","0,005211047421","0,01112140871",Capture d'écran 2026-03-18 220700.png
smoke,"0,5669619594","0,3290083411","0,08285565399","0,1862835959",Capture d'écran 2026-03-18 220700.png
smoke,"0,4205315268","0,3169601483","0,1865554977","0,3058387396",Capture d'écran 2026-03-18 220908.png
body,"0,5956227202","0,4930491196","0,02397081813","0,1269694161",Capture d'écran 2026-03-18 220908.png
head,"0,5987493486","0,4698795181","0,01146430433","0,02873030584",Capture d'écran 2026-03-18 220908.png
body,"0,4658676394","0,499536608","0,02032308494","0,08155699722",Capture d'écran 2026-03-18 220940.png
body,"0,4877540386","0,5032437442","0,01823866597","0,07043558851",Capture d'écran 2026-03-18 220940.png
body,"0,5268368942","0,5069508804","0,01094319958","0,0500463392",Capture d'écran 2026-03-18 220940.png
head,"0,5304846274","0,4958294717","0,005211047421","0,01297497683",Capture d'écran 2026-03-18 220940.png
head,"0,4934861907","0,4911955514","0,006774361647","0,01390176089",Capture d'écran 2026-03-18 220940.png
head,"0,4731631058","0,4874884152","0,007295466389","0,01482854495",Capture d'écran 2026-03-18 220940.png
body,"0,0719124544","0,4745134384","0,1422615946","0,2196478221",Capture d'écran 2026-03-18 221017.png
body,"0,4643043252","0,4810009268","0,06044815008","0,1760889713",Capture d'écran 2026-03-18 221017.png
head,"0,129233976","0,4328081557","0,03387180823","0,05189990732",Capture d'écran 2026-03-18 221017.png
head,"0,4976550287","0,4504170528","0,02397081813","0,03521779425",Capture d'écran 2026-03-18 221017.png
body,"0,4877540386","0,499536608","0,02188639917","0,05189990732",Capture d'écran 2026-03-18 221146.png
head,"0,4934861907","0,4902687674","0,005732152163","0,01297497683",Capture d'écran 2026-03-18 221146.png
body,"0,4914017718","0,4884151993","0,02657634184","0,09916589435",Capture d'écran 2026-03-18 221337.png
head,"0,4981761334","0,4763670065","0,01042209484","0,01760889713",Capture d'écran 2026-03-18 221337.png
spike,"0,5085982282","0,5375347544","0,01771756123","0,05189990732",Capture d'écran 2026-03-18 221337.png
body,"0,4864300626","0,4392956441","0,04384133612","0,2057460612",Capture d'écran 2026-03-18 221541.png
head,"0,4885177453","0,3920296571","0,01983298539","0,05746061168",Capture d'écran 2026-03-18 221541.png
smoke,"0,2051148225","0,2780352178","0,4237995825","0,7219647822",Capture d'écran 2026-03-18 221541.png
smoke,"0,3157894737","0,3141797961","0,2183428869","0,3475440222",Capture d'écran 2026-03-18 221748.png
smoke,0,"0,4782205746","0,1771756123","0,390176089",Capture d'écran 2026-03-18 221823.png
smoke,"0,5586242835","0,3632993513","0,4043772798","0,5495829472",Capture d'écran 2026-03-18 221823.png
smoke,"0,4489261393","0,3544776119","0,1189104243","0,223880597",Capture d'écran 2026-03-18 223242.png
head,"0,4809796769","0,5088044486","0,009379885357","0,01019462465",Capture d'écran 2026-03-18 223312.png
spike,"0,5132881709","0,5746061168","0,01563314226","0,04819277108",Capture d'écran 2026-03-18 223312.png
body,"0,5080771235","0,5142585551","0,01302761855","0,04752851711",Capture d'écran 2026-03-18 223546.png
body,"0,4960917144","0,5171102662","0,01042209484","0,03422053232",Capture d'écran 2026-03-18 223546.png
head,"0,5122459614","0,5057034221","0,004689942678","0,01045627376",Capture d'écran 2026-03-18 223546.png
head,"0,4981761334","0,5104562738","0,004168837936","0,00855513308",Capture d'écran 2026-03-18 223546.png
smoke,"0,4778530485","0,3948100093","0,1625846795","0,2150139018",Capture d'écran 2026-03-18 223622.png
body,"0,4914017718","0,4976830399","0,01094319958","0,04541241891",Capture d'écran 2026-03-18 223805.png
head,"0,4914017718","0,4865616311","0,006253256905","0,01297497683",Capture d'écran 2026-03-18 223805.png
smoke,"0,5101615425","0,3734939759","0,1677957269","0,1816496756",Capture d'écran 2026-03-18 223805.png
smoke,"0,8556539865","0,1204819277","0,1443460135","0,328081557",Capture d'écran 2026-03-18 223805.png
smoke,"0,7363210005","0,4698795181","0,04273058885","0,1658943466",Capture d'écran 2026-03-18 224001.png
smoke,"0,4674309536","0,3688600556","0,1375716519","0,1788693234",Capture d'écran 2026-03-18 224001.png
smoke,0,"0,1464318814","0,3512245961","0,8535681186",Capture d'écran 2026-03-18 224001.png
smoke,"0,4330380406","0,4392956441","0,05315268369","0,1464318814",Capture d'écran 2026-03-18 224041.png
smoke,"0,4825429911","0,4318813716","0,09379885357","0,1612604263",Capture d'écran 2026-03-18 224041.png
smoke,"0,4055323591","0,2845227062","0,2734864301","0,3512511585",Capture d'écran 2026-03-18 224125.png
smoke,"0,2699322564","0,234476367","0,1021365294","0,1862835959",Capture d'écran 2026-03-23 222725.png
smoke,"0,4304325169","0,4439295644","0,1109953101","0,1232622799",Capture d'écran 2026-03-23 222753.png
body,"0,5028660761","0,5134383689","0,009379885357","0,03521779425",Capture d'écran 2026-03-23 222753.png
smoke,"0,2157373632","0,390176089","0,1761334028","0,1770157553",Capture d'écran 2026-03-23 222818.png
spike,"0,4111516415","0,343836886","0,08337675873","0,2706209453",Capture d'écran 2026-03-23 223020.png
smoke,"0,297029703","0,3725671918","0,1281917665","0,1760889713",Capture d'écran 2026-03-23 223127.png
smoke,"0,02084418968","0,0797034291","0,2272016675","0,6051899907",Capture d'écran 2026-03-23 223312.png
smoke,"0,4596143825","0,3929564411","0,1073475769","0,1955514365",Capture d'écran 2026-03-23 223609.png
smoke,"0,06722251172","0,3466172382","0,1688379364","0,2567191844",Capture d'écran 2026-03-23 223630.png
spike,"0,6076081292","0,6858202039","0,04325169359","0,1455050973",Capture d'écran 2026-03-23 223630.png
smoke,"0,5544554455","0,3086190918","0,2407503908","0,4949026877",Capture d'écran 2026-03-23 224028.png
smoke,"0,7743616467","0,2789620019","0,2256383533","0,3466172382",Capture d'écran 2026-03-23 224111.png
smoke,"0,7159979156","0,3873957368","0,08754559666","0,04911955514",Capture d'écran 2026-03-23 224111.png
smoke,0,"0,2085264133","0,3913496613","0,5329008341",Capture d'écran 2026-03-23 224505.png
smoke,0,"0,2882298424","0,4163626889","0,6283595922",Capture d'écran 2026-03-23 224524.png
body,"0,4940072955","0,4986098239","0,009379885357","0,02687673772",Capture d'écran 2026-03-23 224524.png
head,"0,4960917144","0,4921223355","0,005211047421","0,009267840593",Capture d'écran 2026-03-23 224524.png
smoke,"0,5742574257","0,5366079703","0,03439291298","0,1149212234",Capture d'écran 2026-03-23 224524.png
smoke,"0,280875456","0,4096385542","0,03022407504","0,1167747915",Capture d'écran 2026-03-23 224600.png
smoke,"0,5184992183","0,1992585728","0,1120375195","0,218721038",Capture d'écran 2026-03-23 224940.png
smoke,"0,8118811881","0,4179796108","0,009900990099","0,0009267840593",Capture d'écran 2026-03-23 224940.png
smoke,"0,5153725899","0,06024096386","0,2756644085","0,5514365153",Capture d'écran 2026-03-23 224956.png
body,"0,5127670662","0,4828544949","0,007816571131","0,04911955514",Capture d'écran 2026-03-23 224956.png
smoke,"0,2793121417","0,3162790698","0,1849921834","0,2520930233",Capture d'écran 2026-03-23 225311.png
smoke,"0,4815007817","0,4383688601","0,02344971339","0,1102873031",Capture d'écran 2026-03-23 225330.png
smoke,0,"0,4383688601","0,5601875977","0,5616311399",Capture d'écran 2026-03-23 225520.png
smoke,"0,3335070349","0,1955514365","0,2991141219","0,5273401297",Capture d'écran 2026-03-23 225745.png
smoke,"0,09900990099","0,4828544949","0,1990620115","0,2418906395",Capture d'écran 2026-03-23 225745.png
body,"0,456487754","0,6839666358","0,03908285565","0,07321594069",Capture d'écran 2026-03-23 225745.png
spike,"0,5190203231","0,6987951807","0,0198019802","0,02873030584",Capture d'écran 2026-03-23 225745.png
smoke,"0,4528400208","0,3382761816","0,1281917665","0,2455977757",Capture d'écran 2026-03-23 225818.png
smoke,"0,1318394997","0,4402224282","0,09379885357","0,2224281742",Capture d'écran 2026-03-23 230007.png
smoke,"0,4778530485","0,4698795181","0,02709744659","0,07321594069",Capture d'écran 2026-03-23 230007.png
smoke,0,0,"0,3725898906",1,Capture d'écran 2026-03-23 230147.png
body,"0,4924439812","0,4643188137","0,02813965607","0,1084337349",Capture d'écran 2026-03-23 230147.png
head,"0,507034914","0,4476367006","0,008858780615","0,0203892493",Capture d'écran 2026-03-23 230147.png
smoke,"0,5820739969","0,3632993513","0,04689942678","0,2020389249",Capture d'écran 2026-03-23 230147.png
smoke,"0,4872329338","0,4198331789","0,2569046378","0,3049119555",Capture d'écran 2026-03-23 230249.png
smoke,"0,458572173","0,4170528267","0,05211047421","0,1232622799",Capture d'écran 2026-03-23 230249.png
smoke,"0,6248045857",0,"0,3751954143","0,7803521779",Capture d'écran 2026-03-23 230313.png
smoke,"0,325169359","0,2437442076","0,1907243356","0,2761816497",Capture d'écran 2026-03-23 230405.png
body,"0,4471078687","0,4782205746","0,1021365294","0,3262279889",Capture d'écran 2026-03-23 230452.png
head,"0,488796248","0,4411492122","0,0359562272","0,07321594069",Capture d'écran 2026-03-23 230452.png
smoke,"0,5209863589","0,4810009268","0,0351521511","0,1612604263",Capture d'écran 2026-03-23 231006.png
smoke,"0,5685252736","0,1844300278","0,1672746222","0,3475440222",Capture d'écran 2026-03-23 231307.png
smoke,"0,147472642",0,"0,396039604","0,3336422614",Capture d'écran 2026-03-23 231411.png
spike,"0,6961959354","0,6672845227","0,1297550808","0,2891566265",Capture d'écran 2026-03-23 231411.png
smoke,"0,3824908807","0,3354958295","0,113079729","0,2354031511",Capture d'écran 2026-03-23 231435.png
smoke,0.518868,0.41538,0.164666,0.321708,capture_20260322_214747_867911.png
head,0.496547,0.489633,0.002199,0.007428,capture_20260310_214532_009685.png
body,0.495558,0.517194,0.005058,0.046131,capture_20260310_214532_009685.png
body,0.655834,0.458734,0.129235,0.412659,Screenshot 2026-03-21 151030.png
body,0.335257,0.145337,0.067754,0.263209,Screenshot 2026-03-21 151030.png
head,0.674028,0.303708,0.055207,0.111529,Screenshot 2026-03-21 151030.png
head,0.311418,0.036038,0.022585,0.049073,Screenshot 2026-03-21 151030.png
smoke,0.527227,0.061515,0.115433,0.12303,Screenshot 2026-03-21 151030.png
spike,0.501506,0.484386,0.046424,0.196292,Screenshot 2026-03-21 151030.png
smoke,0.636386,0.463195,0.072773,0.095915,Screenshot 2026-03-24 084318.png
smoke,0.382936,0.535689,0.130489,0.138296,Screenshot 2026-03-24 084318.png
smoke,0.247302,0.49871,0.494604,0.99742,Screenshot 2026-03-21 142632.png
body,0.546675,0.466541,0.016311,0.138296,Screenshot 2026-03-24 092738.png
head,0.549456,0.411967,0.008365,0.028812,Screenshot 2026-03-24 092738.png
spike,0.395483,0.46208,0.007528,0.031228,Screenshot 2026-03-24 092738.png
smoke,0.506498,0.483463,0.048489,0.07682,capture_20260322_213738_857672.png
smoke,0.082333,0.666953,0.164666,0.379646,capture_20260322_213738_857672.png
smoke,0.156947,0.903278,0.313894,0.187536,capture_20260322_213738_857672.png
smoke,0.456261,0.427578,0.101201,0.275967,capture_20260322_215046_860477.png
smoke,0.778731,0.477892,0.439108,0.5992,capture_20260322_215046_860477.png
body,0.13325,0.808936,0.047679,0.144988,Screenshot 2026-03-24 084037.png
body,0.50527,0.513384,0.011292,0.044612,Screenshot 2026-03-24 084037.png
head,0.50572,0.493521,0.005166,0.009841,Screenshot 2026-03-24 084037.png
head,0.12982,0.735583,0.016729,0.028254,Screenshot 2026-03-24 084037.png
body,0.488892,0.528198,0.017713,0.076102,Screenshot 2026-03-21 142551.png
head,0.489074,0.497008,0.009933,0.018588,Screenshot 2026-03-21 142551.png
head,0.497757,0.476341,0.009016,0.016029,capture_20260322_210229_292512.png
body,0.497561,0.523603,0.016885,0.075281,capture_20260322_210229_292512.png
smoke,0.387955,0.411892,0.057716,0.100376,Screenshot 2026-03-24 085249.png
body,0.497114,0.536805,0.040151,0.091454,Screenshot 2026-03-24 085249.png
head,0.49907,0.491311,0.009086,0.016922,Screenshot 2026-03-24 085249.png
spike,0.372898,0.527882,0.012547,0.03792,Screenshot 2026-03-24 085249.png
body,0.49335,0.524536,0.04266,0.26767,Screenshot 2026-03-24 084625.png
body,0.653952,0.44312,0.012547,0.051303,Screenshot 2026-03-24 084625.png
head,0.490841,0.402969,0.032622,0.069148,Screenshot 2026-03-24 084625.png
body,0.523463,0.588108,0.057716,0.234212,Screenshot 2026-03-24 091229.png
head,0.522208,0.46208,0.030113,0.053534,Screenshot 2026-03-24 091229.png
head,0.464137,0.473428,0.015121,0.029691,capture_20260322_211041_269475.png
body,0.464111,0.571132,0.036284,0.165369,capture_20260322_211041_269475.png
smoke,0.497427,0.573947,0.101201,0.443682,capture_20260322_213950_920742.png
smoke,0.54331,0.474843,0.162093,0.16924,capture_20260310_213958_126345.png
head,0.461173,0.365663,0.005977,0.007854,capture_20260310_213001_459822.png
body,0.464941,0.390151,0.018712,0.038348,capture_20260310_213001_459822.png
spike,0.549743,0.349104,0.015437,0.041166,capture_20260310_213001_459822.png
head,0.531622,0.487873,0.004178,0.011728,capture_20260310_212817_239651.png
head,0.508532,0.482205,0.005498,0.008992,capture_20260310_212817_239651.png
body,0.510072,0.521495,0.020891,0.071152,capture_20260310_212817_239651.png
body,0.531842,0.510548,0.011655,0.033621,capture_20260310_212817_239651.png
smoke,0.477273,0.466591,0.103774,0.155785,capture_20260310_212817_239651.png
head,0.432585,0.450445,0.011175,0.020329,capture_20260322_213425_034848.png
head,0.487032,0.457375,0.007277,0.016633,capture_20260322_213425_034848.png
body,0.432469,0.472333,0.021917,0.025411,capture_20260322_213425_034848.png
body,0.488057,0.524568,0.025094,0.116327,capture_20260322_213425_034848.png
smoke,0.703667,0.459537,0.081679,0.200387,capture_20260322_213425_034848.png
smoke,0.58453,0.453533,0.220304,0.23442,capture_20260322_215050_604022.png
body,0.498172,0.518133,0.012002,0.037823,Screenshot 2026-03-21 145053.png
smoke,0.455709,0.488847,0.268507,0.30336,Screenshot 2026-03-21 143614.png
head,0.503804,0.501361,0.002639,0.007428,capture_20260322_215306_564809.png
body,0.503804,0.523449,0.008796,0.036749,capture_20260322_215306_564809.png
spike,0.165523,0.601391,0.072041,0.178388,capture_20260322_214028_056476.png
smoke,0.549314,0.277397,0.256432,0.493997,capture_20260322_213234_323618.png
body,0.493876,0.492913,0.01195,0.056296,Screenshot 2026-03-21 143339.png
head,0.492263,0.468168,0.005019,0.015614,Screenshot 2026-03-21 143339.png
smoke,0.603764,0.460965,0.090339,0.122682,Screenshot 2026-03-21 143339.png
body,0.468256,0.526944,0.032622,0.115636,Screenshot 2026-03-21 145544.png
head,0.467116,0.482138,0.014115,0.026024,Screenshot 2026-03-21 145544.png
head,0.533812,0.48117,0.009876,0.024487,capture_20260322_213754_265656.png
body,0.531897,0.566734,0.035295,0.149536,capture_20260322_213754_265656.png
smoke,0.433962,0.539308,0.096913,0.13341,capture_20260322_214928_540266.png
body,0.497742,0.535689,0.018821,0.089223,Screenshot 2026-03-24 085227.png
head,0.498048,0.495535,0.009759,0.017349,Screenshot 2026-03-24 085227.png
body,0.489444,0.511344,0.014184,0.064978,Screenshot 2026-03-24 092134.png
head,0.489986,0.485984,0.006506,0.012392,Screenshot 2026-03-24 092134.png
smoke,0.77064,0.552419,0.454203,0.595567,Screenshot 2026-03-21 150905.png
smoke,0.098199,0.516009,0.192967,0.315609,capture_20260322_212022_306999.png
spike,0.56842,0.566011,0.012388,0.032611,capture_20260322_214423_378447.png
head,0.445199,0.482596,0.004178,0.00821,capture_20260322_214423_378447.png
body,0.44443,0.504684,0.017153,0.035185,capture_20260322_214423_378447.png
smoke,0.874786,0.572422,0.246998,0.45588,capture_20260322_215509_893464.png
head,0.284968,0.509339,0.009356,0.013861,capture_20260310_213854_175257.png
body,0.283836,0.54521,0.017153,0.059535,capture_20260310_213854_175257.png
smoke,0.395369,0.49009,0.217839,0.275967,capture_20260310_213854_175257.png
spike,0.546741,0.596817,0.043739,0.153993,capture_20260322_210006_333156.png
smoke,0.57829,0.450098,0.111084,0.193126,capture_20260322_210006_333156.png
smoke,0.51072,0.521012,0.128645,0.170002,capture_20260322_211517_567098.png
smoke,0.263293,0.292643,0.245283,0.582428,capture_20260322_214439_898420.png
smoke,0.054203,0.597031,0.105395,0.765091,Screenshot 2026-03-21 150723.png
head,0.504244,0.484159,0.006597,0.009774,capture_20260310_212919_205075.png
body,0.504964,0.518825,0.012994,0.058215,capture_20260310_212919_205075.png
smoke,0.420577,0.605012,0.316186,0.789976,Screenshot 2026-03-24 084131.png
head,0.508532,0.506443,0.002859,0.007428,capture_20260310_213243_615544.png
head,0.499296,0.505075,0.005058,0.01251,capture_20260310_213243_615544.png
body,0.498747,0.535178,0.011875,0.047695,capture_20260310_213243_615544.png
body,0.508972,0.5299,0.009896,0.039485,capture_20260310_213243_615544.png
smoke,0.482847,0.540404,0.149228,0.388794,capture_20260322_212011_594630.png
head,0.483705,0.48704,0.015437,0.028969,capture_20260310_195838_270156.png
body,0.485602,0.563179,0.02417,0.118278,capture_20260310_195838_270156.png
smoke,0.54542,0.478809,0.314931,0.430503,Screenshot 2026-03-21 145626.png
body,0.573651,0.667294,0.097867,0.499651,Screenshot 2026-03-21 145455.png
head,0.584944,0.449812,0.055207,0.109299,Screenshot 2026-03-21 145455.png
body,0.640778,0.138645,0.038896,0.120452,Screenshot 2026-03-24 093002.png
head,0.646173,0.090298,0.011501,0.024165,Screenshot 2026-03-24 093002.png
smoke,0.217315,0.455388,0.150565,0.173986,Screenshot 2026-03-21 150145.png
smoke,0.457547,0.521346,0.530875,0.817229,capture_20260322_215403_053256.png
head,0.483321,0.481654,0.005191,0.010833,capture_20260322_215456_541110.png
body,0.486102,0.515044,0.009456,0.055123,capture_20260322_215456_541110.png
head,0.495778,0.501752,0.008137,0.011337,capture_20260310_215217_972031.png
body,0.494211,0.531226,0.012864,0.050505,capture_20260310_215217_972031.png
spike,0.500286,0.498743,0.036756,0.107454,capture_20260310_212849_462096.png
spike,0.693476,0.360588,0.018821,0.055765,Screenshot 2026-03-21 143957.png
spike,0.468883,0.879374,0.069009,0.241252,Screenshot 2026-03-21 144036.png
smoke,0.297616,0.42416,0.132999,0.214136,Screenshot 2026-03-21 145416.png
smoke,0.179046,0.478809,0.041405,0.078071,Screenshot 2026-03-21 145416.png
head,0.333619,0.400133,0.012007,0.02287,capture_20260310_214146_228543.png
body,0.335646,0.47434,0.035085,0.124054,capture_20260310_214146_228543.png
body,0.316437,0.379548,0.047679,0.178447,Screenshot 2026-03-21 150412.png
head,0.318319,0.312631,0.02133,0.044612,Screenshot 2026-03-21 150412.png
spike,0.499624,0.487732,0.020075,0.095915,Screenshot 2026-03-21 150412.png
spike,0.36964,0.741662,0.075472,0.254622,capture_20260322_213538_746500.png
head,0.517121,0.500568,0.013976,0.038964,capture_20260322_215258_804908.png
body,0.515652,0.622221,0.051458,0.206467,capture_20260322_215258_804908.png
smoke,0.581179,0.473233,0.393977,0.566569,Screenshot 2026-03-24 085541.png
head,0.480162,0.49028,0.006996,0.017654,capture_20260310_212823_454862.png
body,0.480779,0.539216,0.019675,0.08027,capture_20260310_212823_454862.png
smoke,0.553582,0.47188,0.140897,0.166989,capture_20260310_212823_454862.png
smoke,0.198369,0.494249,0.396738,0.988498,Screenshot 2026-03-24 085644.png
spike,0.751192,0.63272,0.033877,0.127143,Screenshot 2026-03-24 085644.png
smoke,0.438005,0.475873,0.136813,0.272264,capture_20260322_213515_738574.png
smoke,0.808319,0.522759,0.245855,0.255384,capture_20260322_213515_738574.png
spike,0.453902,0.622403,0.039022,0.13036,capture_20260322_215124_116703.png
spike,0.485822,0.552419,0.012547,0.055765,Screenshot 2026-03-21 144511.png
head,0.489708,0.455022,0.051458,0.144845,capture_20260322_210142_300646.png
body,0.480703,0.756099,0.170669,0.487802,capture_20260322_210142_300646.png
head,0.476844,0.374976,0.013722,0.033543,capture_20260310_215144_212392.png
body,0.477546,0.477112,0.033526,0.172566,capture_20260310_215144_212392.png
smoke,0.343053,0.372689,0.147513,0.236326,capture_20260310_215144_212392.png
smoke,0.359777,0.394035,0.119211,0.184486,capture_20260310_214049_421252.png
spike,0.63192,0.483003,0.024949,0.069304,capture_20260322_210044_565028.png
head,0.487085,0.395268,0.003531,0.00852,capture_20260322_214024_264640.png
body,0.487161,0.427575,0.012215,0.057753,capture_20260322_214024_264640.png
head,0.493359,0.46989,0.006817,0.022675,capture_20260322_214806_707798.png
body,0.495521,0.530224,0.025729,0.100798,capture_20260322_214806_707798.png
smoke,0.408233,0.544216,0.35506,0.686106,capture_20260310_213750_488654.png
smoke,0.786449,0.586907,0.423671,0.655613,capture_20260310_213750_488654.png
smoke,0.47084,0.490852,0.046312,0.18906,capture_20260310_214301_443809.png
smoke,0.303262,0.271365,0.23212,0.350202,Screenshot 2026-03-24 084853.png
smoke,0.658662,0.515247,0.265866,0.362874,capture_20260322_215042_756391.png
smoke,0.496569,0.49009,0.075472,0.175338,capture_20260322_215042_756391.png
smoke,0.312178,0.504574,0.240137,0.301887,capture_20260310_212945_324014.png
smoke,0.383791,0.46417,0.228988,0.315609,capture_20260310_214159_908362.png
smoke,0.43482,0.487803,0.178388,0.378121,capture_20260322_215023_875880.png
spike,0.535911,0.535569,0.005278,0.02893,capture_20260322_214408_386386.png
head,0.507323,0.482596,0.004398,0.009774,capture_20260322_214408_386386.png
body,0.506699,0.515069,0.013444,0.055218,capture_20260322_214408_386386.png
smoke,0.56518,0.4413,0.45283,0.50162,capture_20260310_214919_150328.png
head,0.477156,0.24945,0.007017,0.016633,capture_20260310_213803_720241.png
body,0.476181,0.299002,0.017542,0.085244,capture_20260310_213803_720241.png
head,0.503475,0.500579,0.004618,0.011337,capture_20260322_211455_151438.png
body,0.503365,0.530291,0.010995,0.048868,capture_20260322_211455_151438.png
smoke,0.402685,0.482865,0.083351,0.120545,capture_20260322_211455_151438.png
spike,0.555248,0.521804,0.009406,0.023608,capture_20260322_214048_920453.png
head,0.495738,0.483249,0.004938,0.00924,capture_20260322_214048_920453.png
body,0.493689,0.513871,0.018472,0.051996,capture_20260322_214048_920453.png
smoke,0.498714,0.5,0.863636,0.997141,capture_20260322_212321_616887.png
body,0.622481,0.519669,0.014761,0.056421,Screenshot 2026-03-24 092228.png
head,0.621706,0.497983,0.006274,0.013384,Screenshot 2026-03-24 092228.png
head,0.504812,0.485542,0.004765,0.01567,capture_20260322_215608_685159.png
body,0.504684,0.496474,0.010995,0.008601,capture_20260322_215608_685159.png
smoke,0.443825,0.49009,0.026587,0.193634,capture_20260310_214953_062063.png
smoke,0.858894,0.493223,0.06407,0.186549,capture_20260310_212720_513218.png
head,0.481054,0.44698,0.006757,0.018019,capture_20260322_215420_285527.png
body,0.481064,0.500913,0.019635,0.089475,capture_20260322_215420_285527.png
head,0.503914,0.491196,0.004618,0.013683,capture_20260322_212454_943463.png
body,0.503694,0.525599,0.014294,0.056687,capture_20260322_212454_943463.png
smoke,0.879074,0.353631,0.240137,0.704403,capture_20260322_211501_903262.png
smoke,0.333252,0.481318,0.093114,0.11907,capture_20260322_211501_903262.png
body,0.475784,0.588108,0.047679,0.216367,Screenshot 2026-03-24 090732.png
head,0.479548,0.483271,0.022585,0.051303,Screenshot 2026-03-24 090732.png
spike,0.588708,0.503346,0.047679,0.118221,Screenshot 2026-03-24 085124.png
body,0.510289,0.598146,0.053952,0.263209,Screenshot 2026-03-24 084232.png
head,0.509661,0.469887,0.025094,0.051303,Screenshot 2026-03-24 084232.png
smoke,0.575533,0.471002,0.523212,0.713788,Screenshot 2026-03-24 090004.png
smoke,0.514151,0.457309,0.170669,0.265294,capture_20260322_215338_653138.png
spike,0.588551,0.56682,0.011333,0.033761,capture_20260322_214418_802594.png
head,0.500726,0.489828,0.003518,0.007819,capture_20260322_214418_802594.png
body,0.499846,0.505857,0.007917,0.025802,capture_20260322_214418_802594.png
head,0.447152,0.406111,0.010055,0.015247,capture_20260310_213540_563063.png
head,0.381942,0.460526,0.009759,0.014721,capture_20260310_213540_563063.png
head,0.749238,0.475563,0.011912,0.024564,capture_20260310_213540_563063.png
body,0.380446,0.509815,0.026758,0.085382,capture_20260310_213540_563063.png
body,0.443739,0.456756,0.022298,0.085382,capture_20260310_213540_563063.png
body,0.746484,0.51256,0.021955,0.0494,capture_20260310_213540_563063.png
smoke,0.60506,0.481704,0.24271,0.326282,capture_20260310_213540_563063.png
smoke,0.168954,0.470269,0.332762,0.937679,capture_20260310_213540_563063.png
smoke,0.346055,0.476367,0.019726,0.132647,capture_20260310_213540_563063.png
head,0.446639,0.475004,0.005628,0.015247,capture_20260322_214936_468486.png
body,0.448718,0.523254,0.038044,0.080925,capture_20260322_214936_468486.png
smoke,0.301029,0.697446,0.236707,0.5992,capture_20260322_214936_468486.png
spike,0.161689,0.368558,0.065079,0.145293,capture_20260322_213803_753837.png
head,0.233973,0.485456,0.005896,0.012388,capture_20260310_215056_205137.png
body,0.233437,0.518808,0.018761,0.050505,capture_20260310_215056_205137.png
body,0.40803,0.544612,0.027604,0.111529,Screenshot 2026-03-21 145752.png
head,0.408563,0.492361,0.015161,0.026024,Screenshot 2026-03-21 145752.png
head,0.52187,0.538117,0.012864,0.024395,capture_20260310_212657_722114.png
body,0.521287,0.558048,0.033646,0.016811,capture_20260310_212657_722114.png
smoke,0.584048,0.48704,0.104631,0.413188,capture_20260310_214100_765647.png
smoke,0.479846,0.485516,0.024871,0.1174,capture_20260310_214100_765647.png
smoke,0.544166,0.474348,0.139272,0.185139,Screenshot 2026-03-21 142745.png
smoke,0.746141,0.493901,0.234991,0.277492,capture_20260310_212644_362527.png
head,0.500911,0.485962,0.011792,0.018106,capture_20260310_214420_057637.png
head,0.968839,0.458865,0.024585,0.047773,capture_20260310_214420_057637.png
body,0.502251,0.549094,0.026801,0.107204,capture_20260310_214420_057637.png
body,0.960978,0.574709,0.074614,0.176863,capture_20260310_214420_057637.png
head,0.493139,0.437208,0.015216,0.02951,capture_20260322_195827_987143.png
body,0.496602,0.564095,0.061024,0.220492,capture_20260322_195827_987143.png
smoke,0.469983,0.528207,0.428816,0.736421,capture_20260322_215054_556347.png
head,0.511006,0.458,0.007862,0.012706,capture_20260310_214055_597759.png
body,0.510922,0.499978,0.021441,0.069059,capture_20260310_214055_597759.png
spike,0.590337,0.539959,0.016581,0.049298,capture_20260322_205925_333329.png
head,0.521012,0.468553,0.006575,0.015247,capture_20260322_205925_333329.png
body,0.519499,0.515224,0.018414,0.080718,capture_20260322_205925_333329.png
smoke,0.177482,0.331989,0.147227,0.204985,capture_20260322_205925_333329.png
head,0.505326,0.45758,0.011736,0.01966,capture_20260310_212754_720021.png
body,0.502705,0.528336,0.025949,0.123147,capture_20260310_212754_720021.png
head,0.49083,0.486982,0.007917,0.017006,capture_20260322_215133_620872.png
body,0.48973,0.531855,0.015833,0.07467,capture_20260322_215133_620872.png
smoke,0.536878,0.534305,0.193825,0.361349,capture_20260322_211329_193984.png
smoke,0.508486,0.502693,0.106978,0.198209,capture_20260322_215137_324917.png
head,0.156518,0.37955,0.036878,0.04574,capture_20260310_213935_494656.png
head,0.40223,0.504574,0.025729,0.04574,capture_20260310_213935_494656.png
body,0.173671,0.486278,0.086621,0.155517,capture_20260310_213935_494656.png
body,0.424099,0.615113,0.072899,0.172289,capture_20260310_213935_494656.png
spike,0.500214,0.494711,0.034734,0.100629,capture_20260310_213935_494656.png
smoke,0.633362,0.259863,0.441681,0.510768,capture_20260310_214409_554726.png
spike,0.550146,0.802644,0.067097,0.200899,capture_20260310_214238_428145.png
smoke,0.721079,0.390701,0.392723,0.553186,Screenshot 2026-03-21 145808.png
spike,0.108838,0.579696,0.024095,0.054453,capture_20260322_215117_380531.png
head,0.501585,0.489948,0.008316,0.016171,capture_20260322_215117_380531.png
body,0.500832,0.538095,0.018918,0.085203,capture_20260322_215117_380531.png
smoke,0.323542,0.447065,0.081046,0.162379,capture_20260322_214855_804556.png
smoke,0.486707,0.357287,0.167238,0.465028,capture_20260322_214855_804556.png
smoke,0.410592,0.463062,0.093268,0.200114,capture_20260322_214855_804556.png
body,0.576642,0.43102,0.012547,0.027882,Screenshot 2026-03-21 145519.png
smoke,0.224843,0.425275,0.155583,0.234212,Screenshot 2026-03-21 145408.png
spike,0.477666,0.779939,0.036386,0.171755,Screenshot 2026-03-21 145408.png
smoke,0.424814,0.547805,0.089194,0.34966,capture_20260322_213259_595573.png
smoke,0.47227,0.504098,0.131504,0.23785,capture_20260322_213259_595573.png
head,0.503365,0.495497,0.004398,0.009774,capture_20260322_211315_617847.png
body,0.501935,0.523254,0.008576,0.04574,capture_20260322_211315_617847.png
smoke,0.493634,0.475546,0.031337,0.119629,capture_20260322_211315_617847.png
smoke,0.403639,0.373972,0.370138,0.394814,Screenshot 2026-03-21 150925.png
smoke,0.562986,0.511153,0.156838,0.223059,Screenshot 2026-03-21 144253.png
body,0.450439,0.578637,0.032936,0.096194,Screenshot 2026-03-24 090935.png
head,0.446884,0.521033,0.015475,0.029741,Screenshot 2026-03-24 090935.png
head,0.504288,0.432914,0.013722,0.030494,capture_20260310_214615_136632.png
body,0.504249,0.488201,0.038593,0.08663,capture_20260310_214615_136632.png
head,0.507103,0.500775,0.005718,0.013292,capture_20260322_210154_772721.png
head,0.492149,0.502143,0.008356,0.014465,capture_20260322_210154_772721.png
body,0.491799,0.54552,0.015009,0.071469,capture_20260322_210154_772721.png
body,0.507075,0.540994,0.013401,0.069087,capture_20260322_210154_772721.png
head,0.500396,0.488264,0.004618,0.015638,capture_20260322_213555_946656.png
spike,0.460043,0.534005,0.007917,0.024239,capture_20260322_213555_946656.png
body,0.50102,0.528668,0.013212,0.065932,capture_20260322_213555_946656.png
smoke,0.262007,0.547265,0.520583,0.893463,capture_20260322_215147_892568.png
body,0.501075,0.526782,0.008066,0.039035,Screenshot 2026-03-21 142455.png
spike,0.498456,0.464075,0.016467,0.05001,capture_20260322_213129_148179.png
body,0.401757,0.459849,0.052698,0.19183,Screenshot 2026-03-21 144817.png
head,0.409912,0.369511,0.02133,0.046842,Screenshot 2026-03-21 144817.png
spike,0.499624,0.492193,0.022585,0.091454,Screenshot 2026-03-21 144817.png
body,0.098745,0.562456,0.02133,0.071379,Screenshot 2026-03-24 090255.png
head,0.101527,0.52675,0.008365,0.018588,Screenshot 2026-03-24 090255.png
smoke,0.525345,0.458734,0.194479,0.30559,Screenshot 2026-03-24 084438.png
body,0.560477,0.572494,0.036386,0.15391,Screenshot 2026-03-24 084438.png
head,0.559849,0.497769,0.015056,0.035689,Screenshot 2026-03-24 084438.png
spike,0.973149,0.589223,0.053701,0.124913,Screenshot 2026-03-24 084438.png
head,0.501166,0.481423,0.003079,0.005864,capture_20260322_214004_624763.png
body,0.499736,0.491392,0.009896,0.013292,capture_20260322_214004_624763.png
body,0.491949,0.523032,0.021957,0.081788,Screenshot 2026-03-21 144219.png
head,0.493471,0.483506,0.011618,0.019001,Screenshot 2026-03-21 144219.png
body,0.490704,0.531545,0.022813,0.112543,Screenshot 2026-03-24 091959.png
head,0.491889,0.483764,0.008514,0.018323,Screenshot 2026-03-24 091959.png
spike,0.493977,0.610414,0.028858,0.078071,Screenshot 2026-03-24 091959.png
smoke,0.267581,0.491392,0.066324,0.20634,capture_20260322_212515_503353.png
smoke,0.548599,0.410584,0.090909,0.195159,capture_20260322_212515_503353.png
head,0.504794,0.498624,0.002419,0.006646,capture_20260322_213905_001129.png
head,0.497207,0.499993,0.002639,0.006255,capture_20260322_213905_001129.png
body,0.497317,0.518562,0.007257,0.030103,capture_20260322_213905_001129.png
body,0.504464,0.515239,0.007477,0.02502,capture_20260322_213905_001129.png
body,0.460581,0.508626,0.011501,0.032529,Screenshot 2026-03-21 150108.png
head,0.463195,0.495753,0.006274,0.013384,Screenshot 2026-03-21 150108.png
body,0.5009,0.486362,0.013093,0.041236,Screenshot 2026-03-21 144714.png
head,0.500759,0.472389,0.005943,0.01174,Screenshot 2026-03-21 144714.png
smoke,0.468256,0.478809,0.045169,0.127143,Screenshot 2026-03-21 144714.png
smoke,0.347177,0.237906,0.131744,0.216367,Screenshot 2026-03-24 091123.png
head,0.540547,0.476225,0.004765,0.011435,capture_20260310_195813_565599.png
head,0.505884,0.467966,0.006909,0.010165,capture_20260310_195813_565599.png
head,0.501477,0.479401,0.004288,0.006776,capture_20260310_195813_565599.png
body,0.540089,0.499797,0.010555,0.03323,capture_20260310_195813_565599.png
body,0.503035,0.499797,0.009456,0.027757,capture_20260310_195813_565599.png
body,0.507873,0.491978,0.007697,0.030103,capture_20260310_195813_565599.png
smoke,0.606775,0.471793,0.030017,0.178388,capture_20260310_215000_277875.png
head,0.491424,0.277825,0.010292,0.025157,capture_20260310_214911_014295.png
body,0.489872,0.342282,0.018378,0.103824,capture_20260310_214911_014295.png
smoke,0.549314,0.484753,0.192967,0.42996,capture_20260322_215015_820578.png
body,0.499268,0.507232,0.008365,0.022306,Screenshot 2026-03-21 150001.png
head,0.534949,0.425451,0.004288,0.010482,capture_20260322_215546_060962.png
head,0.500509,0.449513,0.007772,0.01477,capture_20260322_215546_060962.png
body,0.534162,0.457881,0.015723,0.054889,capture_20260322_215546_060962.png
body,0.497713,0.499809,0.024585,0.090973,capture_20260322_215546_060962.png
smoke,0.035592,0.747761,0.071184,0.486373,capture_20260322_215546_060962.png
head,0.502925,0.506443,0.003518,0.006646,capture_20260310_213417_380833.png
body,0.502716,0.524967,0.00829,0.027444,capture_20260310_213417_380833.png
spike,0.313679,0.544263,0.012436,0.033543,capture_20260322_215109_148724.png
smoke,0.519072,0.46208,0.081556,0.231981,Screenshot 2026-03-24 091847.png
smoke,0.701217,0.366967,0.120885,0.160455,capture_20260322_214959_484588.png
head,0.52044,0.498285,0.00486,0.012706,capture_20260322_210130_900998.png
body,0.515899,0.533418,0.012315,0.06216,capture_20260322_210130_900998.png
body,0.25872,0.639412,0.040151,0.194061,Screenshot 2026-03-21 151205.png
head,0.269385,0.555765,0.016311,0.035689,Screenshot 2026-03-21 151205.png
head,0.284652,0.508545,0.005718,0.015247,capture_20260310_213905_615082.png
body,0.283631,0.54412,0.016744,0.060261,capture_20260310_213905_615082.png
smoke,0.395369,0.486278,0.216123,0.271393,capture_20260310_213905_615082.png
smoke,0.316895,0.439775,0.14837,0.361349,capture_20260310_213942_302749.png
spike,0.500429,0.498142,0.035163,0.110539,capture_20260322_213807_761682.png
spike,0.330238,0.457619,0.020075,0.062456,Screenshot 2026-03-21 143534.png
smoke,0.4864,0.519798,0.192763,0.37028,capture_20260322_211334_825484.png
smoke,0.501715,0.510673,0.367067,0.61902,capture_20260322_210054_525414.png
smoke,0.59973,0.460263,0.061668,0.149564,capture_20260322_205920_893568.png
smoke,0.520326,0.469887,0.061481,0.060226,Screenshot 2026-03-24 084547.png
head,0.505595,0.507819,0.008985,0.015247,capture_20260310_214802_847108.png
head,0.491505,0.638142,0.01266,0.03485,capture_20260310_214802_847108.png
body,0.487136,0.749063,0.049171,0.182962,capture_20260310_214802_847108.png
body,0.505317,0.550677,0.021269,0.071965,capture_20260310_214802_847108.png
smoke,0.231132,0.600629,0.462264,0.7166,capture_20260322_213248_651577.png
smoke,0.483276,0.491614,0.165523,0.297313,capture_20260322_213248_651577.png
head,0.405293,0.21822,0.004901,0.008712,capture_20260310_213016_339138.png
body,0.407706,0.24412,0.016273,0.04574,capture_20260310_213016_339138.png
spike,0.51197,0.308872,0.011932,0.035797,capture_20260310_213016_339138.png
head,0.614857,0.447399,0.013854,0.031666,capture_20260322_211348_144799.png
head,0.47879,0.444466,0.011545,0.032839,capture_20260322_211348_144799.png
body,0.476976,0.53712,0.034305,0.155987,capture_20260322_211348_144799.png
body,0.614197,0.510438,0.032326,0.095586,capture_20260322_211348_144799.png
spike,0.502736,0.496565,0.033489,0.103097,capture_20260322_215028_756491.png
smoke,0.484134,0.507623,0.33705,0.423861,capture_20260322_214403_298122.png
smoke,0.408662,0.396322,0.536021,0.789785,capture_20260322_213945_249074.png
head,0.517049,0.470081,0.003379,0.00693,capture_20260322_215529_109029.png
head,0.503553,0.467396,0.00294,0.008712,capture_20260322_215529_109029.png
body,0.517109,0.485332,0.006817,0.022284,capture_20260322_215529_109029.png
body,0.503145,0.486505,0.008356,0.028539,capture_20260322_215529_109029.png
smoke,0.560892,0.431389,0.041166,0.274443,capture_20260322_215529_109029.png
head,0.503859,0.498475,0.011149,0.024395,capture_20260310_214716_543738.png
body,0.503924,0.559483,0.021831,0.097949,capture_20260310_214716_543738.png
head,0.505564,0.501166,0.002639,0.005473,capture_20260310_213109_097651.png
body,0.505344,0.518367,0.009236,0.030494,capture_20260310_213109_097651.png
smoke,0.20669,0.458834,0.317324,0.372022,capture_20260310_213446_436327.png
smoke,0.024014,0.478654,0.044597,0.271393,capture_20260310_213446_436327.png
body,0.499536,0.520072,0.018002,0.05528,Screenshot 2026-03-24 092416.png
head,0.500724,0.496096,0.006756,0.012869,Screenshot 2026-03-24 092416.png
spike,0.793225,0.601492,0.040151,0.100376,Screenshot 2026-03-24 092416.png
head,0.480824,0.497256,0.007697,0.010165,capture_20260310_213307_758577.png
head,0.498637,0.497647,0.008137,0.01251,capture_20260310_213307_758577.png
body,0.481177,0.529801,0.012187,0.056574,capture_20260310_213307_758577.png
body,0.4978,0.531808,0.017447,0.054969,capture_20260310_213307_758577.png
body,0.429049,0.501942,0.017327,0.091348,Screenshot 2026-03-21 150625.png
body,0.516281,0.495569,0.013742,0.065855,Screenshot 2026-03-21 150625.png
head,0.430514,0.46776,0.010038,0.020521,Screenshot 2026-03-21 150625.png
head,0.515082,0.469544,0.006524,0.016952,Screenshot 2026-03-21 150625.png
spike,0.324153,0.552238,0.011117,0.031623,capture_20260322_211138_555537.png
smoke,0.533366,0.39782,0.077595,0.213448,capture_20260322_211138_555537.png
body,0.477039,0.544612,0.035132,0.147219,Screenshot 2026-03-21 142614.png
head,0.479297,0.48293,0.016237,0.027554,Screenshot 2026-03-21 142614.png
body,0.506628,0.568078,0.050734,0.188145,Screenshot 2026-03-21 142923.png
head,0.507495,0.480816,0.01783,0.037568,Screenshot 2026-03-21 142923.png
head,0.499186,0.497647,0.003079,0.007819,capture_20260322_213653_034295.png
body,0.498986,0.51767,0.008836,0.033728,capture_20260322_213653_034295.png
smoke,0.500251,0.505576,0.02133,0.127143,Screenshot 2026-03-21 142507.png
body,0.499536,0.517163,0.013638,0.045582,Screenshot 2026-03-24 090819.png
head,0.499507,0.494518,0.007618,0.012746,Screenshot 2026-03-24 090819.png
head,0.499169,0.486439,0.005092,0.00667,capture_20260310_212705_570164.png
body,0.499076,0.498624,0.009456,0.017592,capture_20260310_212705_570164.png
head,0.500524,0.491895,0.003335,0.0072,capture_20260310_213922_198747.png
body,0.500396,0.511916,0.010775,0.034012,capture_20260310_213922_198747.png
smoke,0.707118,0.417667,0.27187,0.289689,capture_20260322_213628_370203.png
smoke,0.244425,0.485516,0.222985,0.663236,capture_20260322_215539_356929.png
smoke,0.536449,0.347532,0.328473,0.420812,capture_20260310_215227_475912.png
smoke,0.493568,0.474843,0.071184,0.227177,capture_20260310_213554_154925.png
body,0.509034,0.663007,0.151819,0.673986,Screenshot 2026-03-24 092511.png
head,0.504015,0.399624,0.066499,0.147219,Screenshot 2026-03-24 092511.png
body,0.510289,0.516729,0.023839,0.118221,Screenshot 2026-03-24 092718.png
head,0.51043,0.46895,0.010194,0.0237,Screenshot 2026-03-24 092718.png
spike,0.475784,0.823435,0.027604,0.066918,Screenshot 2026-03-24 092718.png
body,0.444417,0.532344,0.015056,0.069148,Screenshot 2026-03-24 084711.png
body,0.464173,0.529768,0.012208,0.078372,Screenshot 2026-03-24 084711.png
body,0.484181,0.529165,0.016277,0.081989,Screenshot 2026-03-24 084711.png
body,0.528095,0.524945,0.014582,0.084401,Screenshot 2026-03-24 084711.png
head,0.527105,0.48344,0.009652,0.01773,Screenshot 2026-03-24 084711.png
head,0.483834,0.48916,0.0074,0.015443,Screenshot 2026-03-24 084711.png
head,0.464852,0.49059,0.008043,0.016014,Screenshot 2026-03-24 084711.png
head,0.444423,0.499169,0.006434,0.012583,Screenshot 2026-03-24 084711.png
smoke,0.47453,0.486616,0.075282,0.129374,Screenshot 2026-03-24 083943.png
body,0.499536,0.501161,0.020184,0.083405,Screenshot 2026-03-24 091805.png
body,0.478806,0.515708,0.021275,0.036853,Screenshot 2026-03-24 091805.png
head,0.507053,0.459471,0.009125,0.017574,Screenshot 2026-03-24 091805.png
head,0.480438,0.495972,0.009886,0.020278,Screenshot 2026-03-24 091805.png
head,0.49171,0.460898,0.005718,0.014856,capture_20260322_213437_018730.png
body,0.492424,0.506416,0.015723,0.076742,capture_20260322_213437_018730.png
smoke,0.407804,0.435201,0.487993,0.54736,capture_20260322_205913_621517.png
head,0.494953,0.47496,0.004948,0.00821,capture_20260310_195907_358433.png
head,0.503859,0.474374,0.004288,0.007037,capture_20260310_195907_358433.png
body,0.503694,0.499993,0.009016,0.038312,capture_20260310_195907_358433.png
body,0.494568,0.496474,0.008356,0.034403,capture_20260310_195907_358433.png
spike,0.499571,0.403945,0.280446,0.805031,capture_20260322_213326_659285.png
smoke,0.228559,0.434439,0.134648,0.338479,capture_20260322_213608_610282.png
spike,0.495712,0.496951,0.044597,0.134172,capture_20260322_214843_499992.png
smoke,0.491852,0.47408,0.201544,0.338479,capture_20260310_215006_389889.png
smoke,0.39494,0.42834,0.187822,0.222603,capture_20260310_213302_878428.png
head,0.495759,0.460766,0.011912,0.026258,capture_20260322_213202_843902.png
body,0.496315,0.541791,0.027,0.137221,capture_20260322_213202_843902.png
body,0.500209,0.510166,0.009886,0.024334,Screenshot 2026-03-21 145615.png
body,0.497961,0.520244,0.006796,0.039035,Screenshot 2026-03-21 142718.png
smoke,0.46261,0.492193,0.071518,0.11376,Screenshot 2026-03-21 142718.png
spike,0.500156,0.494785,0.038204,0.095639,capture_20260310_213514_363722.png
head,0.386612,0.476839,0.010382,0.01966,capture_20260310_212738_616444.png
body,0.388464,0.499015,0.017812,0.025411,capture_20260310_212738_616444.png
smoke,0.43482,0.735563,0.296741,0.526015,capture_20260310_212738_616444.png
spike,0.475557,0.866686,0.08319,0.26072,capture_20260322_213133_676118.png
head,0.489708,0.453497,0.015437,0.02287,capture_20260310_212949_276407.png
body,0.487932,0.481874,0.024504,0.032672,capture_20260310_212949_276407.png
smoke,0.183533,0.505336,0.367066,0.446731,capture_20260310_212949_276407.png
body,0.523979,0.438132,0.013244,0.074353,Screenshot 2026-03-21 143416.png
head,0.525071,0.4075,0.006971,0.014044,Screenshot 2026-03-21 143416.png
smoke,0.101757,0.557995,0.203513,0.883312,Screenshot 2026-03-21 143416.png
body,0.498387,0.514036,0.016132,0.047002,Screenshot 2026-03-21 150952.png
head,0.500179,0.495713,0.004481,0.010356,Screenshot 2026-03-21 150952.png
spike,0.218268,0.535068,0.042024,0.109777,capture_20260310_213227_567512.png
head,0.497097,0.476341,0.002859,0.007428,capture_20260322_215202_380770.png
body,0.496987,0.487287,0.006597,0.016029,capture_20260322_215202_380770.png
smoke,0.828045,0.488565,0.34391,0.974271,capture_20260322_215202_380770.png
smoke,0.634648,0.361254,0.09777,0.121974,capture_20260322_215202_380770.png
spike,0.579209,0.538777,0.007351,0.024504,capture_20260322_214036_512734.png
head,0.494788,0.503707,0.002199,0.005864,capture_20260322_215521_029275.png
head,0.482693,0.504879,0.001759,0.003518,capture_20260322_215521_029275.png
body,0.482913,0.516999,0.005278,0.019156,capture_20260322_215521_029275.png
body,0.494238,0.521495,0.008137,0.030494,capture_20260322_215521_029275.png
smoke,0.545026,0.483991,0.043739,0.202783,capture_20260322_215521_029275.png
smoke,0.908233,0.531256,0.181818,0.364399,capture_20260322_215521_029275.png
smoke,0.537736,0.49009,0.12693,0.272918,capture_20260322_213214_043800.png
smoke,0.569897,0.416143,0.124357,0.256146,capture_20260310_213818_495965.png
spike,0.497427,0.498023,0.031447,0.104187,capture_20260322_213712_642098.png
head,0.576871,0.103468,0.007222,0.025679,capture_20260322_213712_642098.png
head,0.47057,0.409206,0.021215,0.038518,capture_20260322_213712_642098.png
body,0.462662,0.494943,0.052377,0.139399,capture_20260322_213712_642098.png
body,0.577218,0.166047,0.027873,0.112173,capture_20260322_213712_642098.png
head,0.592992,0.312526,0.007351,0.01198,capture_20260322_215038_596375.png
body,0.58386,0.327777,0.013133,0.024776,capture_20260322_215038_596375.png
smoke,0.578045,0.448161,0.099485,0.277492,capture_20260322_215038_596375.png
body,0.46261,0.502231,0.041405,0.080301,Screenshot 2026-03-24 091355.png
head,0.467629,0.458734,0.023839,0.046842,Screenshot 2026-03-24 091355.png
spike,0.570497,0.620507,0.011664,0.040861,capture_20260310_213208_992240.png
body,0.484891,0.504444,0.020389,0.061341,Screenshot 2026-03-21 145008.png
spike,0.424341,0.615991,0.027604,0.147219,Screenshot 2026-03-21 145008.png
spike,0.356346,0.718792,0.074614,0.218029,capture_20260310_215155_292516.png
head,0.446371,0.501209,0.010452,0.034305,capture_20260322_213548_322349.png
body,0.445969,0.533885,0.029223,0.032188,capture_20260322_213548_322349.png
body,0.569693,0.530054,0.021102,0.079025,Screenshot 2026-03-21 143929.png
head,0.570891,0.496695,0.009951,0.019998,Screenshot 2026-03-21 143929.png
smoke,0.490213,0.479925,0.131744,0.249826,Screenshot 2026-03-21 143929.png
head,0.505564,0.476341,0.009676,0.023066,capture_20260322_215439_924897.png
body,0.506113,0.549056,0.032766,0.125493,capture_20260322_215439_924897.png
spike,0.651443,0.559111,0.012547,0.03792,Screenshot 2026-03-24 084400.png
head,0.508862,0.500775,0.003518,0.005473,capture_20260310_212840_486342.png
body,0.508422,0.517585,0.009676,0.028148,capture_20260310_212840_486342.png
spike,0.533501,0.592569,0.04266,0.140527,Screenshot 2026-03-24 092623.png
spike,0.599526,0.553922,0.034305,0.130687,capture_20260310_213155_160273.png
head,0.466123,0.510482,0.011149,0.013722,capture_20260310_213535_523009.png
head,0.426387,0.539197,0.01458,0.021346,capture_20260310_213535_523009.png
body,0.421612,0.593368,0.024014,0.087822,capture_20260310_213535_523009.png
body,0.463979,0.55708,0.025043,0.077454,capture_20260310_213535_523009.png
smoke,0.170669,0.476367,0.339623,0.946827,capture_20260310_213535_523009.png
smoke,0.376072,0.492377,0.110635,0.246998,capture_20260310_213535_523009.png
smoke,0.698542,0.549552,0.2753,0.361349,capture_20260310_213535_523009.png
body,0.49961,0.514998,0.006443,0.035569,Screenshot 2026-03-24 090408.png
spike,0.406211,0.59692,0.008365,0.026953,Screenshot 2026-03-24 090408.png
head,0.49978,0.500529,0.004069,0.007837,Screenshot 2026-03-24 090408.png
spike,0.415544,0.564813,0.033897,0.101645,capture_20260310_213509_475714.png
spike,0.679767,0.470621,0.013424,0.037123,capture_20260310_212958_203780.png
smoke,0.496569,0.477892,0.06175,0.254622,capture_20260322_214435_330639.png
body,0.345922,0.513384,0.023839,0.098146,Screenshot 2026-03-24 091424.png
body,0.498369,0.527882,0.030113,0.095915,Screenshot 2026-03-24 091424.png
head,0.498172,0.482734,0.013093,0.025215,Screenshot 2026-03-24 091424.png
head,0.345699,0.468672,0.012547,0.024246,Screenshot 2026-03-24 091424.png
head,0.504464,0.49882,0.004398,0.007819,capture_20260322_215333_404943.png
body,0.504244,0.523645,0.010555,0.043395,capture_20260322_215333_404943.png
head,0.495338,0.495692,0.004618,0.010165,capture_20260310_214649_568521.png
body,0.493579,0.524427,0.015174,0.046522,capture_20260310_214649_568521.png
smoke,0.294981,0.452042,0.589962,0.894465,Screenshot 2026-03-24 092353.png
head,0.504794,0.479077,0.007257,0.015247,capture_20260324_200300_550544.png
body,0.503255,0.524818,0.019132,0.07858,capture_20260324_200300_550544.png
head,0.51203,0.475716,0.01298,0.027609,capture_20260324_195850_839378.png
body,0.508083,0.552783,0.037424,0.130753,capture_20260324_195850_839378.png
smoke,0.44699,0.477688,0.082905,0.210551,capture_20260324_195850_839378.png
head,0.502485,0.491196,0.003518,0.011337,capture_20260324_195440_513317.png
body,0.502375,0.518172,0.010775,0.044177,capture_20260324_195440_513317.png
smoke,0.577235,0.402717,0.122451,0.334583,capture_20260324_195440_513317.png
head,0.607966,0.476569,0.011435,0.031623,capture_20260324_173200_331865.png
body,0.604229,0.511453,0.029749,0.046217,capture_20260324_173200_331865.png
head,0.505784,0.493542,0.005278,0.011337,capture_20260324_173331_945638.png
body,0.506361,0.525988,0.014056,0.054211,capture_20260324_173331_945638.png
smoke,0.652659,0.573185,0.274443,0.454355,capture_20260324_195449_857484.png
smoke,0.480703,0.504574,0.107204,0.243949,capture_20260324_195908_904000.png
smoke,0.453688,0.509148,0.140652,0.469602,capture_20260324_174513_166630.png
head,0.519836,0.518607,0.013279,0.043773,capture_20260324_173021_887992.png
body,0.511851,0.654876,0.030407,0.238405,capture_20260324_173021_887992.png
head,0.371194,0.460233,0.012328,0.013341,capture_20260324_174256_141122.png
body,0.37174,0.5039,0.022476,0.078337,capture_20260324_174256_141122.png
head,0.498467,0.467078,0.005718,0.013861,capture_20260324_195643_148204.png
head,0.442071,0.46985,0.007277,0.018481,capture_20260324_195643_148204.png
body,0.44376,0.522521,0.02261,0.090557,capture_20260324_195643_148204.png
body,0.498207,0.51767,0.019232,0.089171,capture_20260324_195643_148204.png
spike,0.534305,0.73785,0.128645,0.420812,capture_20260324_194820_416264.png
spike,0.39563,0.316164,0.041763,0.121974,capture_20260324_200425_787052.png
head,0.561255,0.369992,0.022101,0.032839,capture_20260324_174300_293019.png
body,0.563114,0.454242,0.04561,0.143459,capture_20260324_174300_293019.png
head,0.496987,0.493347,0.005278,0.01251,capture_20260324_200014_265481.png
body,0.497427,0.537328,0.017153,0.076234,capture_20260324_200014_265481.png
head,0.398187,0.270325,0.028179,0.057176,capture_20260324_174659_694320.png
body,0.38544,0.434497,0.078836,0.276788,capture_20260324_174659_694320.png
smoke,0.736278,0.490852,0.282161,0.38422,capture_20260324_200250_853754.png
smoke,0.494854,0.427578,0.22813,0.526015,capture_20260324_173052_641078.png
spike,0.249142,0.849152,0.064322,0.18906,capture_20260324_174135_005044.png
head,0.508093,0.486114,0.002419,0.007428,capture_20260324_174135_005044.png
head,0.516119,0.482987,0.003958,0.005082,capture_20260324_174135_005044.png
body,0.508202,0.491783,0.007917,0.006255,capture_20260324_174135_005044.png
body,0.516119,0.490219,0.007477,0.009383,capture_20260324_174135_005044.png
spike,0.086621,0.681437,0.037736,0.09758,capture_20260324_174936_423138.png
smoke,0.737564,0.503101,0.122408,0.221772,capture_20260324_200318_853416.png
head,0.364494,0.505735,0.003752,0.009053,capture_20260324_195253_262890.png
head,0.502519,0.49978,0.006968,0.019059,capture_20260324_195253_262890.png
head,0.551431,0.524794,0.010988,0.022394,capture_20260324_195253_262890.png
body,0.363607,0.529399,0.007985,0.04206,capture_20260324_195253_262890.png
body,0.501567,0.551481,0.029574,0.089378,capture_20260324_195253_262890.png
body,0.552138,0.591438,0.037263,0.119871,capture_20260324_195253_262890.png
spike,0.480769,0.623323,0.026059,0.085617,capture_20260324_194811_016427.png
head,0.497679,0.492803,0.014126,0.021525,capture_20260324_194811_016427.png
body,0.495045,0.546741,0.023823,0.095716,capture_20260324_194811_016427.png
smoke,0.462693,0.434439,0.265009,0.747094,capture_20260324_173516_264872.png
head,0.476582,0.707468,0.024061,0.052093,capture_20260324_174447_678687.png
body,0.477493,0.84679,0.063511,0.22829,capture_20260324_174447_678687.png
spike,0.483705,0.612826,0.073756,0.256146,capture_20260324_200345_563407.png
head,0.46818,0.495301,0.003079,0.010946,capture_20260324_200120_900618.png
body,0.470709,0.523058,0.007697,0.047695,capture_20260324_200120_900618.png
head,0.504311,0.468212,0.005191,0.012839,capture_20260324_174613_718502.png
body,0.505344,0.504489,0.014954,0.062942,capture_20260324_174613_718502.png
spike,0.484991,0.791214,0.090051,0.33238,capture_20260324_200332_468241.png
head,0.50826,0.483459,0.006319,0.017654,capture_20260324_195521_882187.png
head,0.616558,0.350647,0.005092,0.009529,capture_20260324_195521_882187.png
body,0.616666,0.376221,0.015493,0.045249,capture_20260324_195521_882187.png
body,0.50628,0.51959,0.022132,0.060495,capture_20260324_195521_882187.png
smoke,0.688679,0.413856,0.370497,0.434534,capture_20260324_173521_065397.png
smoke,0.516295,0.483991,0.123499,0.218029,capture_20260324_174435_318842.png
head,0.500176,0.487873,0.005498,0.010946,capture_20260324_174402_782283.png
body,0.499846,0.51563,0.016273,0.046131,capture_20260324_174402_782283.png
head,0.505391,0.479424,0.013477,0.036483,capture_20260324_200141_453652.png
body,0.503229,0.576884,0.030269,0.164576,capture_20260324_200141_453652.png
head,0.402568,0.448597,0.006237,0.012937,capture_20260324_200130_589791.png
body,0.407242,0.47953,0.017957,0.054793,capture_20260324_200130_589791.png
head,0.610145,0.484603,0.004411,0.021346,capture_20260324_194945_299178.png
body,0.606191,0.545622,0.012735,0.102569,capture_20260324_194945_299178.png
head,0.504649,0.505326,0.007222,0.013241,capture_20260324_173058_857067.png
body,0.502758,0.523105,0.019471,0.021016,capture_20260324_173058_857067.png
head,0.499823,0.486973,0.005297,0.020628,capture_20260324_200035_153784.png
body,0.500836,0.542019,0.018692,0.09109,capture_20260324_200035_153784.png
smoke,0.322289,0.487045,0.112846,0.343454,capture_20260324_200035_153784.png
smoke,0.291595,0.31612,0.050555,0.081851,capture_20260324_200035_153784.png
head,0.511501,0.465785,0.007917,0.019938,capture_20260324_200530_523372.png
body,0.511611,0.527163,0.02353,0.10751,capture_20260324_200530_523372.png
smoke,0.165094,0.501477,0.325043,0.997046,capture_20260324_173007_336324.png
head,0.509192,0.493933,0.002419,0.006646,capture_20260324_174946_871336.png
body,0.509082,0.513089,0.009676,0.031666,capture_20260324_174946_871336.png
smoke,0.402293,0.470075,0.053046,0.151903,capture_20260324_174946_871336.png
smoke,0.259005,0.576234,0.039451,0.222603,capture_20260324_195409_520564.png
head,0.491929,0.495692,0.003518,0.008601,capture_20260324_173312_095939.png
body,0.49094,0.516217,0.010775,0.03323,capture_20260324_173312_095939.png
smoke,0.896655,0.502287,0.203259,0.88279,capture_20260324_173312_095939.png
spike,0.555011,0.544223,0.020216,0.065888,capture_20260324_200327_692698.png
smoke,0.465431,0.423942,0.084444,0.188826,capture_20260324_200327_692698.png
smoke,0.685678,0.304079,0.292453,0.461978,capture_20260324_195809_342358.png
spike,0.523156,0.455085,0.021727,0.066578,capture_20260324_200421_323184.png
spike,0.54521,0.689691,0.023687,0.058083,capture_20260324_173535_554407.png
head,0.5148,0.481814,0.004398,0.012901,capture_20260324_195817_502891.png
body,0.516009,0.51563,0.016493,0.059423,capture_20260324_195817_502891.png
smoke,0.711835,0.159996,0.068611,0.115876,capture_20260324_195817_502891.png
smoke,0.665523,0.539642,0.288165,0.725748,capture_20260324_195817_502891.png
head,0.519432,0.495496,0.014219,0.032099,capture_20260324_194843_353559.png
body,0.512601,0.583459,0.026389,0.153641,capture_20260324_194843_353559.png
smoke,0.241424,0.452735,0.385077,0.469602,capture_20260324_200340_140215.png
smoke,0.494458,0.411041,0.027048,0.184135,capture_20260324_195723_141141.png
head,0.559975,0.34118,0.005028,0.015773,capture_20260324_195832_983114.png
head,0.498758,0.482082,0.007985,0.019979,capture_20260324_195832_983114.png
body,0.498805,0.534966,0.022972,0.08658,capture_20260324_195832_983114.png
body,0.559146,0.37433,0.018684,0.052819,capture_20260324_195832_983114.png
smoke,0.458834,0.473318,0.307033,0.400991,capture_20260324_174308_661088.png
head,0.318277,0.45991,0.005082,0.012988,capture_20260324_195959_088765.png
body,0.31653,0.496051,0.014294,0.059293,capture_20260324_195959_088765.png
head,0.492201,0.419496,0.007772,0.016676,capture_20260324_173729_861679.png
body,0.491929,0.475559,0.02419,0.098909,capture_20260324_173729_861679.png
smoke,0.730274,0.375739,0.194683,0.376596,capture_20260324_195429_352942.png
head,0.658623,0.120892,0.008966,0.017326,capture_20260324_173733_741042.png
body,0.642665,0.183583,0.039153,0.112694,capture_20260324_173733_741042.png
smoke,0.428816,0.480179,0.077187,0.268344,capture_20260324_174903_598748.png
head,0.43501,0.348947,0.007306,0.024847,capture_20260324_195612_643575.png
body,0.431415,0.416024,0.029627,0.112272,capture_20260324_195612_643575.png
smoke,0.948839,0.346242,0.101267,0.196449,capture_20260324_194713_071698.png
head,0.534151,0.504489,0.003518,0.010555,capture_20260324_173416_652861.png
head,0.495448,0.504684,0.003079,0.005473,capture_20260324_173416_652861.png
body,0.496218,0.527163,0.011655,0.040267,capture_20260324_173416_652861.png
body,0.534041,0.531855,0.015613,0.044959,capture_20260324_173416_652861.png
smoke,0.140284,0.346252,0.246263,0.411664,capture_20260324_173416_652861.png
head,0.744711,0.562935,0.006817,0.014074,capture_20260324_194652_230643.png
body,0.743282,0.594992,0.013194,0.054732,capture_20260324_194652_230643.png
head,0.516272,0.244325,0.019184,0.029691,capture_20260324_174025_966131.png
body,0.515192,0.340104,0.032263,0.161907,capture_20260324_174025_966131.png
head,0.479998,0.487867,0.01162,0.027543,capture_20260324_173105_673426.png
body,0.481748,0.562911,0.034573,0.132933,capture_20260324_173105_673426.png
smoke,0.606775,0.583095,0.052316,0.193634,capture_20260324_174351_717859.png
head,0.500286,0.501752,0.003079,0.008992,capture_20260324_173603_444700.png
body,0.500726,0.525599,0.009676,0.038703,capture_20260324_173603_444700.png
smoke,0.647084,0.408519,0.475986,0.548885,capture_20260324_172958_303778.png
head,0.452896,0.435878,0.012095,0.026584,capture_20260324_194517_805415.png
body,0.448058,0.523449,0.036284,0.154032,capture_20260324_194517_805415.png
spike,0.50221,0.496951,0.037934,0.10966,capture_20260324_194736_087569.png
head,0.314985,0.393255,0.02261,0.043661,capture_20260324_194736_087569.png
body,0.35833,0.490697,0.125965,0.20202,capture_20260324_194736_087569.png
head,0.499736,0.49667,0.003299,0.005864,capture_20260324_195713_893314.png
body,0.499626,0.515826,0.009236,0.032448,capture_20260324_195713_893314.png
smoke,0.538721,0.463863,0.10101,0.108986,capture_20260324_200312_542605.png
smoke,0.686106,0.489327,0.114923,0.118925,capture_20260324_173210_660738.png
head,0.525078,0.694486,0.015083,0.047318,capture_20260324_195318_551560.png
body,0.521287,0.747265,0.054317,0.113765,capture_20260324_195318_551560.png
smoke,0.690823,0.501477,0.618353,0.997046,capture_20260324_173719_431820.png
head,0.500726,0.369112,0.006597,0.013488,capture_20260324_173654_461988.png
body,0.501348,0.405973,0.016663,0.063601,capture_20260324_173654_461988.png
head,0.502705,0.496279,0.005278,0.011337,capture_20260324_195501_313268.png
body,0.502485,0.528923,0.011435,0.052386,capture_20260324_195501_313268.png
smoke,0.161664,0.784353,0.321612,0.428435,capture_20260324_200052_586643.png
head,0.427387,0.539673,0.004178,0.00821,capture_20260324_173228_709513.png
head,0.493469,0.490219,0.002199,0.007037,capture_20260324_173228_709513.png
body,0.493579,0.504879,0.003738,0.019938,capture_20260324_173228_709513.png
body,0.426507,0.560784,0.010336,0.034794,capture_20260324_173228_709513.png
smoke,0.466552,0.634172,0.377358,0.542786,capture_20260324_200404_843298.png
spike,0.520297,0.47911,0.026682,0.092046,capture_20260324_194619_150217.png
smoke,0.493997,0.52287,0.084048,0.140271,capture_20260324_173505_840807.png
smoke,0.316038,0.350581,0.445111,0.615971,capture_20260324_174217_940997.png
smoke,0.115352,0.438298,0.228988,0.876596,capture_20260324_173453_999787.png
head,0.494568,0.502925,0.005718,0.010555,capture_20260324_194603_702477.png
body,0.497317,0.527359,0.011215,0.04144,capture_20260324_194603_702477.png
smoke,0.497829,0.489059,0.052262,0.108157,capture_20260324_200608_772419.png
head,0.355918,0.48335,0.02339,0.040889,capture_20260324_195608_155438.png
head,0.492749,0.486815,0.010136,0.028415,capture_20260324_195608_155438.png
body,0.352487,0.607919,0.070326,0.203545,capture_20260324_195608_155438.png
body,0.492067,0.574757,0.045026,0.146369,capture_20260324_195608_155438.png
smoke,0.571612,0.404878,0.131218,0.272578,capture_20260324_195608_155438.png
head,0.487861,0.501556,0.002419,0.006255,capture_20260324_174016_749940.png
body,0.487716,0.518363,0.006811,0.0287,capture_20260324_174016_749940.png
head,0.500616,0.475363,0.005498,0.010165,capture_20260324_174407_094052.png
body,0.501056,0.506834,0.013414,0.052777,capture_20260324_174407_094052.png
head,0.501275,0.492369,0.003299,0.010555,capture_20260324_195944_792820.png
body,0.501825,0.521299,0.011435,0.051214,capture_20260324_195944_792820.png
smoke,0.610869,0.486468,0.090441,0.128905,capture_20260324_195944_792820.png
smoke,0.480022,0.475538,0.046413,0.141257,capture_20260324_200323_517027.png
smoke,0.680103,0.530494,0.636364,0.930055,capture_20260324_173402_412062.png
head,0.502758,0.466238,0.007417,0.015247,capture_20260324_195737_381672.png
body,0.498856,0.520442,0.026769,0.093791,capture_20260324_195737_381672.png
smoke,0.47813,0.495426,0.196398,0.692205,capture_20260324_195218_693964.png
head,0.500396,0.496474,0.004178,0.010165,capture_20260324_194746_880025.png
body,0.497977,0.527554,0.012535,0.054341,capture_20260324_194746_880025.png
smoke,0.579331,0.336097,0.131218,0.519916,capture_20260324_195728_245431.png
smoke,0.363269,0.487489,0.113126,0.186592,capture_20260324_194505_332809.png
smoke,0.553602,0.457309,0.203259,0.372022,capture_20260324_194950_538758.png
head,0.495396,0.487472,0.007674,0.019259,capture_20260324_174912_230832.png
body,0.495338,0.545147,0.02221,0.101254,capture_20260324_174912_230832.png
head,0.477196,0.491783,0.005278,0.009383,capture_20260324_174600_614269.png
body,0.477636,0.533418,0.010555,0.076234,capture_20260324_174600_614269.png
head,0.482254,0.48631,0.008796,0.019547,capture_20260324_195123_725410.png
body,0.483683,0.55492,0.028368,0.120802,capture_20260324_195123_725410.png
smoke,0.570326,0.442062,0.118353,0.42996,capture_20260324_195012_587826.png
body,0.960939,0.496647,0.007537,0.059139,capture_20260324_195950_136851.png
smoke,0.48989,0.491565,0.062373,0.085937,capture_20260324_195950_136851.png
smoke,0.519726,0.494664,0.269297,0.382695,capture_20260324_194958_586913.png
smoke,0.381218,0.460358,0.376501,0.451306,capture_20260324_173909_433193.png
body,0.493689,0.524427,0.004398,0.059033,capture_20260324_195509_074584.png
head,0.503255,0.501556,0.002859,0.008601,capture_20260324_195900_895498.png
body,0.503475,0.521299,0.008576,0.034012,capture_20260324_195900_895498.png
smoke,0.574185,0.536592,0.335334,0.582428,capture_20260324_195628_700167.png
smoke,0.2125,0.456481481481482,0.0432291666666667,0.168518518518519,Screenshot from 2026-03-09 13-33-55.png
smoke,0.611979166666667,0.332407407407407,0.1,0.436111111111111,Screenshot from 2026-03-09 13-33-55.png
body,0.4796875,0.493518518518519,0.015625,0.0675925925925926,Screenshot from 2026-03-09 13-34-25.png
head,0.483854166666667,0.477777777777778,0.0067708333333333,0.0148148148148148,Screenshot from 2026-03-09 13-34-25.png
smoke,0.5,0.407407407407407,0.025,0.15,Screenshot from 2026-03-09 13-35-19.png
smoke,0.478645833333333,0.489814814814815,0.126041666666667,0.178703703703704,Screenshot from 2026-03-09 13-35-24.png
body,0.504166666666667,0.509259259259259,0.021875,0.0666666666666667,Screenshot from 2026-03-09 13-35-36.png
head,0.511458333333333,0.491666666666667,0.0083333333333333,0.0175925925925926,Screenshot from 2026-03-09 13-35-36.png
body,0.469270833333333,0.573148148148148,0.0239583333333333,0.0287037037037037,Screenshot from 2026-03-09 13-35-44.png
smoke,0.4640625,0.423148148148148,0.0411458333333333,0.155555555555556,Screenshot from 2026-03-09 13-36-41.png
smoke,0.790625,0.436111111111111,0.0635416666666667,0.200925925925926,Screenshot from 2026-03-09 13-36-52.png
smoke,0.513541666666667,0.463888888888889,0.0505208333333333,0.0824074074074074,Screenshot from 2026-03-09 13-36-59.png
body,0.470833333333333,0.463888888888889,0.04375,0.175925925925926,Screenshot from 2026-03-09 13-37-01.png
head,0.475520833333333,0.437962962962963,0.015625,0.0287037037037037,Screenshot from 2026-03-09 13-37-01.png
head,0.491145833333333,0.498148148148148,0.0026041666666666,0.0074074074074074,Screenshot from 2026-03-09 13-37-29.png
body,0.486979166666667,0.505555555555556,0.0104166666666667,0.0398148148148148,Screenshot from 2026-03-09 13-37-29.png
spike,0.5015625,0.523148148148148,0.0088541666666666,0.0342592592592593,Screenshot from 2026-03-09 13-37-45.png
spike,0.617708333333333,0.547222222222222,0.0177083333333333,0.0592592592592593,Screenshot from 2026-03-09 13-37-48.png
smoke,0.470833333333333,0.309259259259259,0.184895833333333,0.222222222222222,Screenshot from 2026-03-09 13-38-33.png
smoke,0.7734375,0.391666666666667,0.0651041666666667,0.209259259259259,Screenshot from 2026-03-09 13-38-50.png
smoke,0.0,0.0,0.293229166666667,0.875,Screenshot from 2026-03-09 13-38-50.png
head,0.475520833333333,0.49537037037037,0.00625,0.012037037037037,Screenshot from 2026-03-09 13-38-50.png
head,0.484895833333333,0.497222222222222,0.0041666666666666,0.0083333333333333,Screenshot from 2026-03-09 13-38-50.png
body,0.48125,0.503703703703704,0.0114583333333333,0.0546296296296296,Screenshot from 2026-03-09 13-38-50.png
body,0.472916666666667,0.50462962962963,0.0109375,0.062037037037037,Screenshot from 2026-03-09 13-38-50.png
body,0.764583333333333,0.507407407407407,0.0197916666666667,0.0814814814814815,Screenshot from 2026-03-09 13-38-50.png
head,0.769791666666667,0.489814814814815,0.0072916666666666,0.0203703703703704,Screenshot from 2026-03-09 13-38-50.png
head,0.511458333333333,0.498148148148148,0.0171875,0.0333333333333333,Screenshot from 2026-03-09 13-38-53.png
body,0.492708333333333,0.531481481481481,0.0505208333333333,0.250925925925926,Screenshot from 2026-03-09 13-38-53.png
body,0.488020833333333,0.5,0.0088541666666666,0.0768518518518519,Screenshot from 2026-03-09 13-39-07.png
spike,0.147916666666667,0.681481481481482,0.0796875,0.075,Screenshot from 2026-03-09 13-39-14.png
body,0.488541666666667,0.494444444444444,0.0088541666666666,0.0592592592592593,Screenshot from 2026-03-09 13-39-41.png
spike,0.348958333333333,0.662962962962963,0.0260416666666667,0.0333333333333333,Screenshot from 2026-03-09 13-39-48.png
spike,0.402604166666667,0.635185185185185,0.0380208333333333,0.0509259259259259,Screenshot from 2026-03-09 13-40-17.png
body,0.483854166666667,0.505555555555556,0.0359375,0.087037037037037,Screenshot from 2026-03-09 13-40-21.png
head,0.494270833333333,0.484259259259259,0.0088541666666666,0.0231481481481481,Screenshot from 2026-03-09 13-40-21.png
smoke,0.178645833333333,0.286111111111111,0.130729166666667,0.392592592592593,Screenshot from 2026-03-09 13-40-41.png
head,0.528645833333333,0.475925925925926,0.0072916666666666,0.0074074074074074,Screenshot from 2026-03-09 13-40-41.png
spike,0.323958333333333,0.528703703703704,0.0333333333333333,0.0833333333333333,Screenshot from 2026-03-09 13-40-52.png
head,0.478645833333333,0.434259259259259,0.0052083333333333,0.0157407407407407,Screenshot from 2026-03-09 13-40-52.png
body,0.475,0.447222222222222,0.0208333333333333,0.0916666666666667,Screenshot from 2026-03-09 13-40-52.png
smoke,0.4609375,0.353703703703704,0.0921875,0.171296296296296,Screenshot from 2026-03-09 13-40-52.png
spike,0.313541666666667,0.553703703703704,0.0203125,0.0592592592592593,Screenshot from 2026-03-09 13-40-55.png
head,0.366145833333333,0.49537037037037,0.0104166666666667,0.0259259259259259,Screenshot from 2026-03-09 13-40-55.png
head,0.5890625,0.455555555555556,0.0114583333333333,0.0277777777777778,Screenshot from 2026-03-09 13-40-55.png
body,0.353645833333333,0.514814814814815,0.0348958333333333,0.0935185185185185,Screenshot from 2026-03-09 13-40-55.png
body,0.5796875,0.47962962962963,0.0333333333333333,0.128703703703704,Screenshot from 2026-03-09 13-40-55.png
smoke,0.549479166666667,0.406481481481482,0.111458333333333,0.160185185185185,Screenshot from 2026-03-09 13-41-36.png
spike,0.625,0.59537037037037,0.0114583333333333,0.0416666666666667,Screenshot from 2026-03-09 13-42-09.png
head,0.488020833333333,0.518518518518519,0.0057291666666666,0.012962962962963,Screenshot from 2026-03-09 13-42-09.png
head,0.501041666666667,0.519444444444445,0.0052083333333333,0.0101851851851852,Screenshot from 2026-03-09 13-42-09.png
body,0.4828125,0.532407407407407,0.0130208333333333,0.0481481481481482,Screenshot from 2026-03-09 13-42-09.png
body,0.497916666666667,0.52962962962963,0.0130208333333333,0.05,Screenshot from 2026-03-09 13-42-09.png
smoke,0.304166666666667,0.25462962962963,0.2859375,0.442592592592593,Screenshot from 2026-03-09 13-42-30.png
spike,0.468229166666667,0.680555555555556,0.0395833333333333,0.103703703703704,Screenshot from 2026-03-09 13-43-18.png
body,0.498958333333333,0.505555555555556,0.0177083333333333,0.0740740740740741,Screenshot from 2026-03-09 13-43-25.png
head,0.503645833333333,0.493518518518519,0.0067708333333333,0.0138888888888889,Screenshot from 2026-03-09 13-43-25.png
smoke,0.236979166666667,0.416666666666667,0.198958333333333,0.217592592592593,Screenshot from 2026-03-09 13-43-39.png
spike,0.0161458333333333,0.551851851851852,0.840104166666667,0.442592592592593,Screenshot from 2026-03-09 13-43-45.png
body,0.509375,0.42962962962963,0.0182291666666667,0.0296296296296296,Screenshot from 2026-03-09 13-44-17.png
head,0.513541666666667,0.414814814814815,0.0088541666666666,0.012962962962963,Screenshot from 2026-03-09 13-44-17.png
head,0.467708333333333,0.437962962962963,0.0171875,0.0203703703703704,Screenshot from 2026-03-09 13-44-20.png
body,0.4578125,0.461111111111111,0.0333333333333333,0.0833333333333333,Screenshot from 2026-03-09 13-44-20.png
body,0.492708333333333,0.493518518518519,0.0072916666666666,0.012037037037037,Screenshot from 2026-03-09 13-44-48.png
head,0.49375,0.487962962962963,0.0046875,0.0055555555555555,Screenshot from 2026-03-09 13-44-48.png
smoke,0.484375,0.322222222222222,0.0963541666666667,0.164814814814815,Screenshot from 2026-03-09 13-44-53.png
smoke,0.828645833333333,0.159259259259259,0.169791666666667,0.813888888888889,Screenshot from 2026-03-09 13-45-09.png
smoke,0.4765625,0.34537037037037,0.109375,0.209259259259259,Screenshot from 2026-03-09 13-45-09.png
smoke,0.296875,0.249074074074074,0.147916666666667,0.243518518518519,Screenshot from 2026-03-09 13-45-09.png
spike,0.613541666666667,0.634259259259259,0.04375,0.0592592592592593,Screenshot from 2026-03-09 13-45-25.png
smoke,0.290625,0.218518518518519,0.486979166666667,0.614814814814815,Screenshot from 2026-03-09 13-45-38.png
smoke,0.440104166666667,0.422222222222222,0.0088541666666666,0.126851851851852,Screenshot from 2026-03-09 13-46-18.png
smoke,0.45625,0.312037037037037,0.0859375,0.137037037037037,Screenshot from 2026-03-09 13-46-18.png
smoke,0.450520833333333,0.114814814814815,0.549479166666667,0.883333333333333,Screenshot from 2026-03-09 13-46-18.png
smoke,0.486979166666667,0.176851851851852,0.165625,0.142592592592593,Screenshot from 2026-03-09 13-46-28.png
smoke,0.331770833333333,0.337037037037037,0.1921875,0.258333333333333,Screenshot from 2026-03-09 13-46-28.png
body,0.50625,0.492592592592593,0.0276041666666667,0.102777777777778,Screenshot from 2026-03-09 13-46-28.png
body,0.710416666666667,0.489814814814815,0.0223958333333333,0.0824074074074074,Screenshot from 2026-03-09 13-46-28.png
head,0.5140625,0.472222222222222,0.0119791666666667,0.0185185185185185,Screenshot from 2026-03-09 13-46-28.png
head,0.714583333333333,0.469444444444444,0.0125,0.0194444444444444,Screenshot from 2026-03-09 13-46-28.png
body,0.498958333333333,0.501851851851852,0.0078125,0.037037037037037,Screenshot from 2026-03-09 13-46-50.png
body,0.497916666666667,0.501851851851852,0.0088541666666666,0.0564814814814815,Screenshot from 2026-03-09 13-47-03.png
head,0.502083333333333,0.489814814814815,0.0036458333333333,0.0101851851851852,Screenshot from 2026-03-09 13-47-03.png
smoke,0.364583333333333,0.0046296296296296,0.635416666666667,0.99537037037037,Screenshot from 2026-03-09 13-47-16.png
body,0.527083333333333,0.505555555555556,0.00625,0.0185185185185185,Screenshot from 2026-03-09 13-48-36.png
body,0.493229166666667,0.508333333333333,0.009375,0.0175925925925926,Screenshot from 2026-03-09 13-48-36.png
head,0.527604166666667,0.5,0.0041666666666666,0.0064814814814814,Screenshot from 2026-03-09 13-48-36.png
head,0.496354166666667,0.492592592592593,0.003125,0.0046296296296296,Screenshot from 2026-03-09 13-48-52.png
body,0.493229166666667,0.498148148148148,0.0104166666666667,0.0138888888888889,Screenshot from 2026-03-09 13-48-52.png
body,0.478125,0.376851851851852,0.009375,0.0287037037037037,Screenshot from 2026-03-09 13-49-00.png
body,0.481770833333333,0.474074074074074,0.0114583333333333,0.0444444444444444,Screenshot from 2026-03-09 13-49-00.png
head,0.480729166666667,0.368518518518519,0.003125,0.0074074074074074,Screenshot from 2026-03-09 13-49-00.png
head,0.483854166666667,0.463888888888889,0.0057291666666666,0.0092592592592592,Screenshot from 2026-03-09 13-49-00.png
spike,0.179166666666667,0.531481481481481,0.04375,0.134259259259259,Screenshot from 2026-03-09 13-49-43.png
body,0.469791666666667,0.492592592592593,0.04375,0.191666666666667,Screenshot from 2026-03-09 13-50-31.png
head,0.480729166666667,0.456481481481482,0.01875,0.0333333333333333,Screenshot from 2026-03-09 13-50-31.png
smoke,0.467708333333333,0.387037037037037,0.0526041666666667,0.20462962962963,Screenshot from 2026-03-09 13-50-43.png
body,0.4625,0.530555555555556,0.0338541666666667,0.134259259259259,Screenshot from 2026-03-09 13-50-58.png
head,0.471354166666667,0.50462962962963,0.0119791666666667,0.0259259259259259,Screenshot from 2026-03-09 13-50-58.png
spike,0.450520833333333,0.596296296296296,0.0286458333333333,0.0259259259259259,Screenshot from 2026-03-09 13-51-44.png
smoke,0.209375,0.286111111111111,0.177083333333333,0.385185185185185,Screenshot from 2026-03-09 13-51-51.png
smoke,0.4984375,0.414814814814815,0.059375,0.119444444444444,Screenshot from 2026-03-09 13-52-54.png
smoke,0.0817708333333333,0.384259259259259,0.0817708333333333,0.0444444444444444,Screenshot from 2026-03-09 13-52-57.png
smoke,0.568229166666667,0.0009259259259259,0.431770833333333,0.999074074074074,Screenshot from 2026-03-09 13-53-23.png
smoke,0.424479166666667,0.273148148148148,0.195833333333333,0.367592592592593,Screenshot from 2026-03-09 13-53-23.png
body,0.472395833333333,0.493518518518519,0.0489583333333333,0.101851851851852,Screenshot from 2026-03-09 13-54-10.png
head,0.488020833333333,0.476851851851852,0.0098958333333333,0.0166666666666667,Screenshot from 2026-03-09 13-54-10.png
smoke,0.473958333333333,0.287962962962963,0.341666666666667,0.459259259259259,Screenshot from 2026-03-09 13-54-17.png
smoke,0.558333333333333,0.409259259259259,0.130729166666667,0.198148148148148,Screenshot from 2026-03-09 13-54-19.png
body,0.482291666666667,0.443518518518519,0.0114583333333333,0.0490740740740741,Screenshot from 2026-03-09 13-55-04.png
body,0.478125,0.44537037037037,0.0411458333333333,0.075,Screenshot from 2026-03-09 13-55-04.png
head,0.486458333333333,0.431481481481481,0.0052083333333333,0.012037037037037,Screenshot from 2026-03-09 13-55-04.png
head,0.4953125,0.431481481481481,0.0067708333333333,0.0111111111111111,Screenshot from 2026-03-09 13-55-04.png
body,0.496875,0.462037037037037,0.0453125,0.0333333333333333,Screenshot from 2026-03-09 13-55-14.png
body,0.49375,0.484259259259259,0.0302083333333333,0.0703703703703704,Screenshot from 2026-03-09 13-55-47.png
body,0.525,0.487962962962963,0.0322916666666667,0.0731481481481481,Screenshot from 2026-03-09 13-55-47.png
head,0.53125,0.474074074074074,0.00625,0.012037037037037,Screenshot from 2026-03-09 13-55-47.png
smoke,0.216666666666667,0.322222222222222,0.0291666666666667,0.119444444444444,Screenshot from 2026-03-09 13-55-53.png
body,0.5046875,0.541666666666667,0.00625,0.0240740740740741,Screenshot from 2026-03-09 13-56-29.png
body,0.4859375,0.477777777777778,0.0088541666666666,0.0351851851851852,Screenshot from 2026-03-09 13-56-29.png
head,0.4875,0.467592592592593,0.0046875,0.0092592592592592,Screenshot from 2026-03-09 13-56-29.png
body,0.555208333333333,0.547222222222222,0.0802083333333333,0.0564814814814815,Screenshot from 2026-03-09 13-56-39.png
body,0.473958333333333,0.462037037037037,0.0244791666666667,0.0916666666666667,Screenshot from 2026-03-09 13-56-39.png
head,0.472395833333333,0.447222222222222,0.0057291666666666,0.0138888888888889,Screenshot from 2026-03-09 13-56-39.png
body,0.469270833333333,0.455555555555556,0.0317708333333333,0.0592592592592593,Screenshot from 2026-03-09 13-57-11.png
body,0.494270833333333,0.482407407407407,0.0072916666666666,0.012962962962963,Screenshot from 2026-03-09 13-57-31.png
spike,0.8921875,0.59537037037037,0.0598958333333333,0.0638888888888889,Screenshot from 2026-03-09 13-58-58.png
body,0.578645833333333,0.478703703703704,0.0375,0.0703703703703704,Screenshot from 2026-03-09 13-58-58.png
head,0.593229166666667,0.455555555555556,0.0114583333333333,0.0231481481481481,Screenshot from 2026-03-09 13-58-58.png
spike,0.533854166666667,0.525925925925926,0.0145833333333333,0.0185185185185185,Screenshot from 2026-03-09 13-59-26.png
smoke,0.390625,0.344444444444444,0.0723958333333333,0.115740740740741,Screenshot from 2026-03-09 14-00-17.png
body,0.491145833333333,0.47962962962963,0.0119791666666667,0.0342592592592593,Screenshot from 2026-03-09 14-01-07.png
head,0.495833333333333,0.474074074074074,0.0052083333333333,0.0083333333333333,Screenshot from 2026-03-09 14-01-07.png
spike,0.486458333333333,0.5,0.01875,0.0444444444444444,Screenshot from 2026-03-09 14-01-12.png
body,0.482291666666667,0.47962962962963,0.0302083333333333,0.134259259259259,Screenshot from 2026-03-09 14-01-14.png
head,0.488541666666667,0.456481481481482,0.0145833333333333,0.0231481481481481,Screenshot from 2026-03-09 14-01-14.png